[
    {
        "name": "Vatican (Holy Sea)",
        "desc": "Vatican (Holy Sea) Is a country which has  -  population. Lorem ipsum dolor sit amet, consectetur adipiscing elit, sed do eiusmod tempor incididunt ut labore et dolore magna aliqua. Ut enim ad minim veniam, quis nostrud exercitation ullamco laboris nisi ut aliquip ex ea commodo consequat.",
        "link": "https://en.wikipedia.org/wiki/Vatican (Holy Sea)"
    },
    {
        "name": "San Marino",
        "desc": "San Marino Is a country which has 33785 population. Lorem ipsum dolor sit amet, consectetur adipiscing elit, sed do eiusmod tempor incididunt ut labore et dolore magna aliqua. Ut enim ad minim veniam, quis nostrud exercitation ullamco laboris nisi ut aliquip ex ea commodo consequat.",
        "link": "https://en.wikipedia.org/wiki/San Marino"
    },
    {
        "name": "Liechtenstein",
        "desc": "Liechtenstein Is a country which has 37910 population. Lorem ipsum dolor sit amet, consectetur adipiscing elit, sed do eiusmod tempor incididunt ut labore et dolore magna aliqua. Ut enim ad minim veniam, quis nostrud exercitation ullamco laboris nisi ut aliquip ex ea commodo consequat.",
        "link": "https://en.wikipedia.org/wiki/Liechtenstein"
    },
    {
        "name": "Swaziland",
        "desc": "Swaziland Is a country which has 1136191 population. Lorem ipsum dolor sit amet, consectetur adipiscing elit, sed do eiusmod tempor incididunt ut labore et dolore magna aliqua. Ut enim ad minim veniam, quis nostrud exercitation ullamco laboris nisi ut aliquip ex ea commodo consequat.",
        "link": "https://en.wikipedia.org/wiki/Swaziland"
    },
    {
        "name": "Luxembourg",
        "desc": "Luxembourg Is a country which has 607950 population. Lorem ipsum dolor sit amet, consectetur adipiscing elit, sed do eiusmod tempor incididunt ut labore et dolore magna aliqua. Ut enim ad minim veniam, quis nostrud exercitation ullamco laboris nisi ut aliquip ex ea commodo consequat.",
        "link": "https://en.wikipedia.org/wiki/Luxembourg"
    },
    {
        "name": "Federated States of Micronesia",
        "desc": "Federated States of Micronesia Is a country which has  -  population. Lorem ipsum dolor sit amet, consectetur adipiscing elit, sed do eiusmod tempor incididunt ut labore et dolore magna aliqua. Ut enim ad minim veniam, quis nostrud exercitation ullamco laboris nisi ut aliquip ex ea commodo consequat.",
        "link": "https://en.wikipedia.org/wiki/Federated States of Micronesia"
    },
    {
        "name": "Marshall Islands",
        "desc": "Marshall Islands Is a country which has 58413 population. Lorem ipsum dolor sit amet, consectetur adipiscing elit, sed do eiusmod tempor incididunt ut labore et dolore magna aliqua. Ut enim ad minim veniam, quis nostrud exercitation ullamco laboris nisi ut aliquip ex ea commodo consequat.",
        "link": "https://en.wikipedia.org/wiki/Marshall Islands"
    },
    {
        "name": "Tuvalu",
        "desc": "Tuvalu Is a country which has 11508 population. Lorem ipsum dolor sit amet, consectetur adipiscing elit, sed do eiusmod tempor incididunt ut labore et dolore magna aliqua. Ut enim ad minim veniam, quis nostrud exercitation ullamco laboris nisi ut aliquip ex ea commodo consequat.",
        "link": "https://en.wikipedia.org/wiki/Tuvalu"
    },
    {
        "name": "Palau",
        "desc": "Palau Is a country which has 17907 population. Lorem ipsum dolor sit amet, consectetur adipiscing elit, sed do eiusmod tempor incididunt ut labore et dolore magna aliqua. Ut enim ad minim veniam, quis nostrud exercitation ullamco laboris nisi ut aliquip ex ea commodo consequat.",
        "link": "https://en.wikipedia.org/wiki/Palau"
    },
    {
        "name": "Western Sahara",
        "desc": "Western Sahara Is a country which has 652271 population. Lorem ipsum dolor sit amet, consectetur adipiscing elit, sed do eiusmod tempor incididunt ut labore et dolore magna aliqua. Ut enim ad minim veniam, quis nostrud exercitation ullamco laboris nisi ut aliquip ex ea commodo consequat.",
        "link": "https://en.wikipedia.org/wiki/Western Sahara"
    },
    {
        "name": "Monaco",
        "desc": "Monaco Is a country which has 38682 population. Lorem ipsum dolor sit amet, consectetur adipiscing elit, sed do eiusmod tempor incididunt ut labore et dolore magna aliqua. Ut enim ad minim veniam, quis nostrud exercitation ullamco laboris nisi ut aliquip ex ea commodo consequat.",
        "link": "https://en.wikipedia.org/wiki/Monaco"
    },
    {
        "name": "Kiribati",
        "desc": "Kiribati Is a country which has 115847 population. Lorem ipsum dolor sit amet, consectetur adipiscing elit, sed do eiusmod tempor incididunt ut labore et dolore magna aliqua. Ut enim ad minim veniam, quis nostrud exercitation ullamco laboris nisi ut aliquip ex ea commodo consequat.",
        "link": "https://en.wikipedia.org/wiki/Kiribati"
    },
    {
        "name": "Comoros",
        "desc": "Comoros Is a country which has 832322 population. Lorem ipsum dolor sit amet, consectetur adipiscing elit, sed do eiusmod tempor incididunt ut labore et dolore magna aliqua. Ut enim ad minim veniam, quis nostrud exercitation ullamco laboris nisi ut aliquip ex ea commodo consequat.",
        "link": "https://en.wikipedia.org/wiki/Comoros"
    },
    {
        "name": "Andorra",
        "desc": "Andorra Is a country which has 77006 population. Lorem ipsum dolor sit amet, consectetur adipiscing elit, sed do eiusmod tempor incididunt ut labore et dolore magna aliqua. Ut enim ad minim veniam, quis nostrud exercitation ullamco laboris nisi ut aliquip ex ea commodo consequat.",
        "link": "https://en.wikipedia.org/wiki/Andorra"
    },
    {
        "name": "Trinidad and Tobago",
        "desc": "Trinidad and Tobago Is a country which has 1389858 population. Lorem ipsum dolor sit amet, consectetur adipiscing elit, sed do eiusmod tempor incididunt ut labore et dolore magna aliqua. Ut enim ad minim veniam, quis nostrud exercitation ullamco laboris nisi ut aliquip ex ea commodo consequat.",
        "link": "https://en.wikipedia.org/wiki/Trinidad and Tobago"
    },
    {
        "name": "Rwanda",
        "desc": "Rwanda Is a country which has 12301939 population. Lorem ipsum dolor sit amet, consectetur adipiscing elit, sed do eiusmod tempor incididunt ut labore et dolore magna aliqua. Ut enim ad minim veniam, quis nostrud exercitation ullamco laboris nisi ut aliquip ex ea commodo consequat.",
        "link": "https://en.wikipedia.org/wiki/Rwanda"
    },
    {
        "name": "Swaziland",
        "desc": "Swaziland Is a country which has 1136191 population. Lorem ipsum dolor sit amet, consectetur adipiscing elit, sed do eiusmod tempor incididunt ut labore et dolore magna aliqua. Ut enim ad minim veniam, quis nostrud exercitation ullamco laboris nisi ut aliquip ex ea commodo consequat.",
        "link": "https://en.wikipedia.org/wiki/Swaziland"
    },
    {
        "name": "South Sudan",
        "desc": "South Sudan Is a country which has 10975920 population. Lorem ipsum dolor sit amet, consectetur adipiscing elit, sed do eiusmod tempor incididunt ut labore et dolore magna aliqua. Ut enim ad minim veniam, quis nostrud exercitation ullamco laboris nisi ut aliquip ex ea commodo consequat.",
        "link": "https://en.wikipedia.org/wiki/South Sudan"
    },
    {
        "name": "Kingdom of the Netherlands",
        "desc": "Kingdom of the Netherlands Is a country which has  -  population. Lorem ipsum dolor sit amet, consectetur adipiscing elit, sed do eiusmod tempor incididunt ut labore et dolore magna aliqua. Ut enim ad minim veniam, quis nostrud exercitation ullamco laboris nisi ut aliquip ex ea commodo consequat.",
        "link": "https://en.wikipedia.org/wiki/Kingdom of the Netherlands"
    },
    {
        "name": "Slovenia",
        "desc": "Slovenia Is a country which has 2073894 population. Lorem ipsum dolor sit amet, consectetur adipiscing elit, sed do eiusmod tempor incididunt ut labore et dolore magna aliqua. Ut enim ad minim veniam, quis nostrud exercitation ullamco laboris nisi ut aliquip ex ea commodo consequat.",
        "link": "https://en.wikipedia.org/wiki/Slovenia"
    },
    {
        "name": "Slovakia",
        "desc": "Slovakia Is a country which has 5446771 population. Lorem ipsum dolor sit amet, consectetur adipiscing elit, sed do eiusmod tempor incididunt ut labore et dolore magna aliqua. Ut enim ad minim veniam, quis nostrud exercitation ullamco laboris nisi ut aliquip ex ea commodo consequat.",
        "link": "https://en.wikipedia.org/wiki/Slovakia"
    },
    {
        "name": "Qatar",
        "desc": "Qatar Is a country which has 2781677 population. Lorem ipsum dolor sit amet, consectetur adipiscing elit, sed do eiusmod tempor incididunt ut labore et dolore magna aliqua. Ut enim ad minim veniam, quis nostrud exercitation ullamco laboris nisi ut aliquip ex ea commodo consequat.",
        "link": "https://en.wikipedia.org/wiki/Qatar"
    },
    {
        "name": "Montenegro",
        "desc": "Montenegro Is a country which has 631219 population. Lorem ipsum dolor sit amet, consectetur adipiscing elit, sed do eiusmod tempor incididunt ut labore et dolore magna aliqua. Ut enim ad minim veniam, quis nostrud exercitation ullamco laboris nisi ut aliquip ex ea commodo consequat.",
        "link": "https://en.wikipedia.org/wiki/Montenegro"
    },
    {
        "name": "Sri Lanka",
        "desc": "Sri Lanka Is a country which has 21670000 population. Lorem ipsum dolor sit amet, consectetur adipiscing elit, sed do eiusmod tempor incididunt ut labore et dolore magna aliqua. Ut enim ad minim veniam, quis nostrud exercitation ullamco laboris nisi ut aliquip ex ea commodo consequat.",
        "link": "https://en.wikipedia.org/wiki/Sri Lanka"
    },
    {
        "name": "Philippines",
        "desc": "Philippines Is a country which has 106651922 population. Lorem ipsum dolor sit amet, consectetur adipiscing elit, sed do eiusmod tempor incididunt ut labore et dolore magna aliqua. Ut enim ad minim veniam, quis nostrud exercitation ullamco laboris nisi ut aliquip ex ea commodo consequat.",
        "link": "https://en.wikipedia.org/wiki/Philippines"
    },
    {
        "name": "United Republic of Tanzania",
        "desc": "United Republic of Tanzania Is a country which has  -  population. Lorem ipsum dolor sit amet, consectetur adipiscing elit, sed do eiusmod tempor incididunt ut labore et dolore magna aliqua. Ut enim ad minim veniam, quis nostrud exercitation ullamco laboris nisi ut aliquip ex ea commodo consequat.",
        "link": "https://en.wikipedia.org/wiki/United Republic of Tanzania"
    },
    {
        "name": "Switzerland",
        "desc": "Switzerland Is a country which has 8513227 population. Lorem ipsum dolor sit amet, consectetur adipiscing elit, sed do eiusmod tempor incididunt ut labore et dolore magna aliqua. Ut enim ad minim veniam, quis nostrud exercitation ullamco laboris nisi ut aliquip ex ea commodo consequat.",
        "link": "https://en.wikipedia.org/wiki/Switzerland"
    },
    {
        "name": "Morocco",
        "desc": "Morocco Is a country which has 36029138 population. Lorem ipsum dolor sit amet, consectetur adipiscing elit, sed do eiusmod tempor incididunt ut labore et dolore magna aliqua. Ut enim ad minim veniam, quis nostrud exercitation ullamco laboris nisi ut aliquip ex ea commodo consequat.",
        "link": "https://en.wikipedia.org/wiki/Morocco"
    },
    {
        "name": "Kosovo",
        "desc": "Kosovo Is a country which has  -  population. Lorem ipsum dolor sit amet, consectetur adipiscing elit, sed do eiusmod tempor incididunt ut labore et dolore magna aliqua. Ut enim ad minim veniam, quis nostrud exercitation ullamco laboris nisi ut aliquip ex ea commodo consequat.",
        "link": "https://en.wikipedia.org/wiki/Kosovo"
    },
    {
        "name": "Dominica",
        "desc": "Dominica Is a country which has 71625 population. Lorem ipsum dolor sit amet, consectetur adipiscing elit, sed do eiusmod tempor incididunt ut labore et dolore magna aliqua. Ut enim ad minim veniam, quis nostrud exercitation ullamco laboris nisi ut aliquip ex ea commodo consequat.",
        "link": "https://en.wikipedia.org/wiki/Dominica"
    },
    {
        "name": "Djibouti",
        "desc": "Djibouti Is a country which has 958920 population. Lorem ipsum dolor sit amet, consectetur adipiscing elit, sed do eiusmod tempor incididunt ut labore et dolore magna aliqua. Ut enim ad minim veniam, quis nostrud exercitation ullamco laboris nisi ut aliquip ex ea commodo consequat.",
        "link": "https://en.wikipedia.org/wiki/Djibouti"
    },
    {
        "name": "Malaysia",
        "desc": "Malaysia Is a country which has 31528585 population. Lorem ipsum dolor sit amet, consectetur adipiscing elit, sed do eiusmod tempor incididunt ut labore et dolore magna aliqua. Ut enim ad minim veniam, quis nostrud exercitation ullamco laboris nisi ut aliquip ex ea commodo consequat.",
        "link": "https://en.wikipedia.org/wiki/Malaysia"
    },
    {
        "name": "Japan",
        "desc": "Japan Is a country which has 126529100 population. Lorem ipsum dolor sit amet, consectetur adipiscing elit, sed do eiusmod tempor incididunt ut labore et dolore magna aliqua. Ut enim ad minim veniam, quis nostrud exercitation ullamco laboris nisi ut aliquip ex ea commodo consequat.",
        "link": "https://en.wikipedia.org/wiki/Japan"
    },
    {
        "name": "Gambia, The",
        "desc": "Gambia, The Is a country which has  -  population. Lorem ipsum dolor sit amet, consectetur adipiscing elit, sed do eiusmod tempor incididunt ut labore et dolore magna aliqua. Ut enim ad minim veniam, quis nostrud exercitation ullamco laboris nisi ut aliquip ex ea commodo consequat.",
        "link": "https://en.wikipedia.org/wiki/Gambia, The"
    },
    {
        "name": "Macedonia",
        "desc": "Macedonia Is a country which has  -  population. Lorem ipsum dolor sit amet, consectetur adipiscing elit, sed do eiusmod tempor incididunt ut labore et dolore magna aliqua. Ut enim ad minim veniam, quis nostrud exercitation ullamco laboris nisi ut aliquip ex ea commodo consequat.",
        "link": "https://en.wikipedia.org/wiki/Macedonia"
    },
    {
        "name": "Barbados",
        "desc": "Barbados Is a country which has 286641 population. Lorem ipsum dolor sit amet, consectetur adipiscing elit, sed do eiusmod tempor incididunt ut labore et dolore magna aliqua. Ut enim ad minim veniam, quis nostrud exercitation ullamco laboris nisi ut aliquip ex ea commodo consequat.",
        "link": "https://en.wikipedia.org/wiki/Barbados"
    },
    {
        "name": "Benin",
        "desc": "Benin Is a country which has 11485048 population. Lorem ipsum dolor sit amet, consectetur adipiscing elit, sed do eiusmod tempor incididunt ut labore et dolore magna aliqua. Ut enim ad minim veniam, quis nostrud exercitation ullamco laboris nisi ut aliquip ex ea commodo consequat.",
        "link": "https://en.wikipedia.org/wiki/Benin"
    },
    {
        "name": "Burundi",
        "desc": "Burundi Is a country which has 11175378 population. Lorem ipsum dolor sit amet, consectetur adipiscing elit, sed do eiusmod tempor incididunt ut labore et dolore magna aliqua. Ut enim ad minim veniam, quis nostrud exercitation ullamco laboris nisi ut aliquip ex ea commodo consequat.",
        "link": "https://en.wikipedia.org/wiki/Burundi"
    },
    {
        "name": "Saint Vincent and the Grenadines",
        "desc": "Saint Vincent and the Grenadines Is a country which has 110210 population. Lorem ipsum dolor sit amet, consectetur adipiscing elit, sed do eiusmod tempor incididunt ut labore et dolore magna aliqua. Ut enim ad minim veniam, quis nostrud exercitation ullamco laboris nisi ut aliquip ex ea commodo consequat.",
        "link": "https://en.wikipedia.org/wiki/Saint Vincent and the Grenadines"
    },
    {
        "name": "Saint Lucia",
        "desc": "Saint Lucia Is a country which has 181889 population. Lorem ipsum dolor sit amet, consectetur adipiscing elit, sed do eiusmod tempor incididunt ut labore et dolore magna aliqua. Ut enim ad minim veniam, quis nostrud exercitation ullamco laboris nisi ut aliquip ex ea commodo consequat.",
        "link": "https://en.wikipedia.org/wiki/Saint Lucia"
    },
    {
        "name": "Saint Kitts and Nevis",
        "desc": "Saint Kitts and Nevis Is a country which has 52441 population. Lorem ipsum dolor sit amet, consectetur adipiscing elit, sed do eiusmod tempor incididunt ut labore et dolore magna aliqua. Ut enim ad minim veniam, quis nostrud exercitation ullamco laboris nisi ut aliquip ex ea commodo consequat.",
        "link": "https://en.wikipedia.org/wiki/Saint Kitts and Nevis"
    },
    {
        "name": "Mauritius",
        "desc": "Mauritius Is a country which has 1265303 population. Lorem ipsum dolor sit amet, consectetur adipiscing elit, sed do eiusmod tempor incididunt ut labore et dolore magna aliqua. Ut enim ad minim veniam, quis nostrud exercitation ullamco laboris nisi ut aliquip ex ea commodo consequat.",
        "link": "https://en.wikipedia.org/wiki/Mauritius"
    },
    {
        "name": "Grenada",
        "desc": "Grenada Is a country which has 111454 population. Lorem ipsum dolor sit amet, consectetur adipiscing elit, sed do eiusmod tempor incididunt ut labore et dolore magna aliqua. Ut enim ad minim veniam, quis nostrud exercitation ullamco laboris nisi ut aliquip ex ea commodo consequat.",
        "link": "https://en.wikipedia.org/wiki/Grenada"
    },
    {
        "name": "Bahrain",
        "desc": "Bahrain Is a country which has 1569439 population. Lorem ipsum dolor sit amet, consectetur adipiscing elit, sed do eiusmod tempor incididunt ut labore et dolore magna aliqua. Ut enim ad minim veniam, quis nostrud exercitation ullamco laboris nisi ut aliquip ex ea commodo consequat.",
        "link": "https://en.wikipedia.org/wiki/Bahrain"
    },
    {
        "name": "Antigua and Barbuda",
        "desc": "Antigua and Barbuda Is a country which has 96286 population. Lorem ipsum dolor sit amet, consectetur adipiscing elit, sed do eiusmod tempor incididunt ut labore et dolore magna aliqua. Ut enim ad minim veniam, quis nostrud exercitation ullamco laboris nisi ut aliquip ex ea commodo consequat.",
        "link": "https://en.wikipedia.org/wiki/Antigua and Barbuda"
    },
    {
        "name": "Uruguay",
        "desc": "Uruguay Is a country which has 3449299 population. Lorem ipsum dolor sit amet, consectetur adipiscing elit, sed do eiusmod tempor incididunt ut labore et dolore magna aliqua. Ut enim ad minim veniam, quis nostrud exercitation ullamco laboris nisi ut aliquip ex ea commodo consequat.",
        "link": "https://en.wikipedia.org/wiki/Uruguay"
    },
    {
        "name": "Togo",
        "desc": "Togo Is a country which has 7889094 population. Lorem ipsum dolor sit amet, consectetur adipiscing elit, sed do eiusmod tempor incididunt ut labore et dolore magna aliqua. Ut enim ad minim veniam, quis nostrud exercitation ullamco laboris nisi ut aliquip ex ea commodo consequat.",
        "link": "https://en.wikipedia.org/wiki/Togo"
    },
    {
        "name": "Tunisia",
        "desc": "Tunisia Is a country which has 11565204 population. Lorem ipsum dolor sit amet, consectetur adipiscing elit, sed do eiusmod tempor incididunt ut labore et dolore magna aliqua. Ut enim ad minim veniam, quis nostrud exercitation ullamco laboris nisi ut aliquip ex ea commodo consequat.",
        "link": "https://en.wikipedia.org/wiki/Tunisia"
    },
    {
        "name": "United Arab Emirates",
        "desc": "United Arab Emirates Is a country which has 9630959 population. Lorem ipsum dolor sit amet, consectetur adipiscing elit, sed do eiusmod tempor incididunt ut labore et dolore magna aliqua. Ut enim ad minim veniam, quis nostrud exercitation ullamco laboris nisi ut aliquip ex ea commodo consequat.",
        "link": "https://en.wikipedia.org/wiki/United Arab Emirates"
    },
    {
        "name": "Turkmenistan",
        "desc": "Turkmenistan Is a country which has 5850908 population. Lorem ipsum dolor sit amet, consectetur adipiscing elit, sed do eiusmod tempor incididunt ut labore et dolore magna aliqua. Ut enim ad minim veniam, quis nostrud exercitation ullamco laboris nisi ut aliquip ex ea commodo consequat.",
        "link": "https://en.wikipedia.org/wiki/Turkmenistan"
    },
    {
        "name": "Zambia",
        "desc": "Zambia Is a country which has 17351822 population. Lorem ipsum dolor sit amet, consectetur adipiscing elit, sed do eiusmod tempor incididunt ut labore et dolore magna aliqua. Ut enim ad minim veniam, quis nostrud exercitation ullamco laboris nisi ut aliquip ex ea commodo consequat.",
        "link": "https://en.wikipedia.org/wiki/Zambia"
    },
    {
        "name": "Zimbabwe",
        "desc": "Zimbabwe Is a country which has 14439018 population. Lorem ipsum dolor sit amet, consectetur adipiscing elit, sed do eiusmod tempor incididunt ut labore et dolore magna aliqua. Ut enim ad minim veniam, quis nostrud exercitation ullamco laboris nisi ut aliquip ex ea commodo consequat.",
        "link": "https://en.wikipedia.org/wiki/Zimbabwe"
    },
    {
        "name": "East Timor",
        "desc": "East Timor Is a country which has 1267972 population. Lorem ipsum dolor sit amet, consectetur adipiscing elit, sed do eiusmod tempor incididunt ut labore et dolore magna aliqua. Ut enim ad minim veniam, quis nostrud exercitation ullamco laboris nisi ut aliquip ex ea commodo consequat.",
        "link": "https://en.wikipedia.org/wiki/East Timor"
    },
    {
        "name": "Vanuatu",
        "desc": "Vanuatu Is a country which has 292680 population. Lorem ipsum dolor sit amet, consectetur adipiscing elit, sed do eiusmod tempor incididunt ut labore et dolore magna aliqua. Ut enim ad minim veniam, quis nostrud exercitation ullamco laboris nisi ut aliquip ex ea commodo consequat.",
        "link": "https://en.wikipedia.org/wiki/Vanuatu"
    },
    {
        "name": "Honduras",
        "desc": "Honduras Is a country which has 9587522 population. Lorem ipsum dolor sit amet, consectetur adipiscing elit, sed do eiusmod tempor incididunt ut labore et dolore magna aliqua. Ut enim ad minim veniam, quis nostrud exercitation ullamco laboris nisi ut aliquip ex ea commodo consequat.",
        "link": "https://en.wikipedia.org/wiki/Honduras"
    },
    {
        "name": "Guyana",
        "desc": "Guyana Is a country which has 779004 population. Lorem ipsum dolor sit amet, consectetur adipiscing elit, sed do eiusmod tempor incididunt ut labore et dolore magna aliqua. Ut enim ad minim veniam, quis nostrud exercitation ullamco laboris nisi ut aliquip ex ea commodo consequat.",
        "link": "https://en.wikipedia.org/wiki/Guyana"
    },
    {
        "name": "Iceland",
        "desc": "Iceland Is a country which has 352721 population. Lorem ipsum dolor sit amet, consectetur adipiscing elit, sed do eiusmod tempor incididunt ut labore et dolore magna aliqua. Ut enim ad minim veniam, quis nostrud exercitation ullamco laboris nisi ut aliquip ex ea commodo consequat.",
        "link": "https://en.wikipedia.org/wiki/Iceland"
    },
    {
        "name": "Haiti",
        "desc": "Haiti Is a country which has 11123176 population. Lorem ipsum dolor sit amet, consectetur adipiscing elit, sed do eiusmod tempor incididunt ut labore et dolore magna aliqua. Ut enim ad minim veniam, quis nostrud exercitation ullamco laboris nisi ut aliquip ex ea commodo consequat.",
        "link": "https://en.wikipedia.org/wiki/Haiti"
    },
    {
        "name": "Uganda",
        "desc": "Uganda Is a country which has 42723139 population. Lorem ipsum dolor sit amet, consectetur adipiscing elit, sed do eiusmod tempor incididunt ut labore et dolore magna aliqua. Ut enim ad minim veniam, quis nostrud exercitation ullamco laboris nisi ut aliquip ex ea commodo consequat.",
        "link": "https://en.wikipedia.org/wiki/Uganda"
    },
    {
        "name": "Suriname",
        "desc": "Suriname Is a country which has 575991 population. Lorem ipsum dolor sit amet, consectetur adipiscing elit, sed do eiusmod tempor incididunt ut labore et dolore magna aliqua. Ut enim ad minim veniam, quis nostrud exercitation ullamco laboris nisi ut aliquip ex ea commodo consequat.",
        "link": "https://en.wikipedia.org/wiki/Suriname"
    },
    {
        "name": "Niger",
        "desc": "Niger Is a country which has 22442948 population. Lorem ipsum dolor sit amet, consectetur adipiscing elit, sed do eiusmod tempor incididunt ut labore et dolore magna aliqua. Ut enim ad minim veniam, quis nostrud exercitation ullamco laboris nisi ut aliquip ex ea commodo consequat.",
        "link": "https://en.wikipedia.org/wiki/Niger"
    },
    {
        "name": "Tajikistan",
        "desc": "Tajikistan Is a country which has 9100837 population. Lorem ipsum dolor sit amet, consectetur adipiscing elit, sed do eiusmod tempor incididunt ut labore et dolore magna aliqua. Ut enim ad minim veniam, quis nostrud exercitation ullamco laboris nisi ut aliquip ex ea commodo consequat.",
        "link": "https://en.wikipedia.org/wiki/Tajikistan"
    },
    {
        "name": "Paraguay",
        "desc": "Paraguay Is a country which has 6956071 population. Lorem ipsum dolor sit amet, consectetur adipiscing elit, sed do eiusmod tempor incididunt ut labore et dolore magna aliqua. Ut enim ad minim veniam, quis nostrud exercitation ullamco laboris nisi ut aliquip ex ea commodo consequat.",
        "link": "https://en.wikipedia.org/wiki/Paraguay"
    },
    {
        "name": "Nicaragua",
        "desc": "Nicaragua Is a country which has 6465513 population. Lorem ipsum dolor sit amet, consectetur adipiscing elit, sed do eiusmod tempor incididunt ut labore et dolore magna aliqua. Ut enim ad minim veniam, quis nostrud exercitation ullamco laboris nisi ut aliquip ex ea commodo consequat.",
        "link": "https://en.wikipedia.org/wiki/Nicaragua"
    },
    {
        "name": "Sierra Leone",
        "desc": "Sierra Leone Is a country which has 7650154 population. Lorem ipsum dolor sit amet, consectetur adipiscing elit, sed do eiusmod tempor incididunt ut labore et dolore magna aliqua. Ut enim ad minim veniam, quis nostrud exercitation ullamco laboris nisi ut aliquip ex ea commodo consequat.",
        "link": "https://en.wikipedia.org/wiki/Sierra Leone"
    },
    {
        "name": "Pakistan",
        "desc": "Pakistan Is a country which has 212215030 population. Lorem ipsum dolor sit amet, consectetur adipiscing elit, sed do eiusmod tempor incididunt ut labore et dolore magna aliqua. Ut enim ad minim veniam, quis nostrud exercitation ullamco laboris nisi ut aliquip ex ea commodo consequat.",
        "link": "https://en.wikipedia.org/wiki/Pakistan"
    },
    {
        "name": "Nepal",
        "desc": "Nepal Is a country which has 28087871 population. Lorem ipsum dolor sit amet, consectetur adipiscing elit, sed do eiusmod tempor incididunt ut labore et dolore magna aliqua. Ut enim ad minim veniam, quis nostrud exercitation ullamco laboris nisi ut aliquip ex ea commodo consequat.",
        "link": "https://en.wikipedia.org/wiki/Nepal"
    },
    {
        "name": "South Africa",
        "desc": "South Africa Is a country which has 57779622 population. Lorem ipsum dolor sit amet, consectetur adipiscing elit, sed do eiusmod tempor incididunt ut labore et dolore magna aliqua. Ut enim ad minim veniam, quis nostrud exercitation ullamco laboris nisi ut aliquip ex ea commodo consequat.",
        "link": "https://en.wikipedia.org/wiki/South Africa"
    },
    {
        "name": "South Africa",
        "desc": "South Africa Is a country which has 57779622 population. Lorem ipsum dolor sit amet, consectetur adipiscing elit, sed do eiusmod tempor incididunt ut labore et dolore magna aliqua. Ut enim ad minim veniam, quis nostrud exercitation ullamco laboris nisi ut aliquip ex ea commodo consequat.",
        "link": "https://en.wikipedia.org/wiki/South Africa"
    },
    {
        "name": "Papua New Guinea",
        "desc": "Papua New Guinea Is a country which has 8606316 population. Lorem ipsum dolor sit amet, consectetur adipiscing elit, sed do eiusmod tempor incididunt ut labore et dolore magna aliqua. Ut enim ad minim veniam, quis nostrud exercitation ullamco laboris nisi ut aliquip ex ea commodo consequat.",
        "link": "https://en.wikipedia.org/wiki/Papua New Guinea"
    },
    {
        "name": "Solomon Islands",
        "desc": "Solomon Islands Is a country which has 652858 population. Lorem ipsum dolor sit amet, consectetur adipiscing elit, sed do eiusmod tempor incididunt ut labore et dolore magna aliqua. Ut enim ad minim veniam, quis nostrud exercitation ullamco laboris nisi ut aliquip ex ea commodo consequat.",
        "link": "https://en.wikipedia.org/wiki/Solomon Islands"
    },
    {
        "name": "Panama",
        "desc": "Panama Is a country which has 4176873 population. Lorem ipsum dolor sit amet, consectetur adipiscing elit, sed do eiusmod tempor incididunt ut labore et dolore magna aliqua. Ut enim ad minim veniam, quis nostrud exercitation ullamco laboris nisi ut aliquip ex ea commodo consequat.",
        "link": "https://en.wikipedia.org/wiki/Panama"
    },
    {
        "name": "Morocco",
        "desc": "Morocco Is a country which has 36029138 population. Lorem ipsum dolor sit amet, consectetur adipiscing elit, sed do eiusmod tempor incididunt ut labore et dolore magna aliqua. Ut enim ad minim veniam, quis nostrud exercitation ullamco laboris nisi ut aliquip ex ea commodo consequat.",
        "link": "https://en.wikipedia.org/wiki/Morocco"
    },
    {
        "name": "Moldova",
        "desc": "Moldova Is a country which has 2706049 population. Lorem ipsum dolor sit amet, consectetur adipiscing elit, sed do eiusmod tempor incididunt ut labore et dolore magna aliqua. Ut enim ad minim veniam, quis nostrud exercitation ullamco laboris nisi ut aliquip ex ea commodo consequat.",
        "link": "https://en.wikipedia.org/wiki/Moldova"
    },
    {
        "name": "Mozambique",
        "desc": "Mozambique Is a country which has 29495962 population. Lorem ipsum dolor sit amet, consectetur adipiscing elit, sed do eiusmod tempor incididunt ut labore et dolore magna aliqua. Ut enim ad minim veniam, quis nostrud exercitation ullamco laboris nisi ut aliquip ex ea commodo consequat.",
        "link": "https://en.wikipedia.org/wiki/Mozambique"
    },
    {
        "name": "Somalia",
        "desc": "Somalia Is a country which has 15008154 population. Lorem ipsum dolor sit amet, consectetur adipiscing elit, sed do eiusmod tempor incididunt ut labore et dolore magna aliqua. Ut enim ad minim veniam, quis nostrud exercitation ullamco laboris nisi ut aliquip ex ea commodo consequat.",
        "link": "https://en.wikipedia.org/wiki/Somalia"
    },
    {
        "name": "Oman",
        "desc": "Oman Is a country which has 4829483 population. Lorem ipsum dolor sit amet, consectetur adipiscing elit, sed do eiusmod tempor incididunt ut labore et dolore magna aliqua. Ut enim ad minim veniam, quis nostrud exercitation ullamco laboris nisi ut aliquip ex ea commodo consequat.",
        "link": "https://en.wikipedia.org/wiki/Oman"
    },
    {
        "name": "Sri Lanka",
        "desc": "Sri Lanka Is a country which has 21670000 population. Lorem ipsum dolor sit amet, consectetur adipiscing elit, sed do eiusmod tempor incididunt ut labore et dolore magna aliqua. Ut enim ad minim veniam, quis nostrud exercitation ullamco laboris nisi ut aliquip ex ea commodo consequat.",
        "link": "https://en.wikipedia.org/wiki/Sri Lanka"
    },
    {
        "name": "Mongolia",
        "desc": "Mongolia Is a country which has 3170208 population. Lorem ipsum dolor sit amet, consectetur adipiscing elit, sed do eiusmod tempor incididunt ut labore et dolore magna aliqua. Ut enim ad minim veniam, quis nostrud exercitation ullamco laboris nisi ut aliquip ex ea commodo consequat.",
        "link": "https://en.wikipedia.org/wiki/Mongolia"
    },
    {
        "name": "Namibia",
        "desc": "Namibia Is a country which has 2448255 population. Lorem ipsum dolor sit amet, consectetur adipiscing elit, sed do eiusmod tempor incididunt ut labore et dolore magna aliqua. Ut enim ad minim veniam, quis nostrud exercitation ullamco laboris nisi ut aliquip ex ea commodo consequat.",
        "link": "https://en.wikipedia.org/wiki/Namibia"
    },
    {
        "name": "Nigeria",
        "desc": "Nigeria Is a country which has 195874740 population. Lorem ipsum dolor sit amet, consectetur adipiscing elit, sed do eiusmod tempor incididunt ut labore et dolore magna aliqua. Ut enim ad minim veniam, quis nostrud exercitation ullamco laboris nisi ut aliquip ex ea commodo consequat.",
        "link": "https://en.wikipedia.org/wiki/Nigeria"
    },
    {
        "name": "Guinea Bissau",
        "desc": "Guinea Bissau Is a country which has  -  population. Lorem ipsum dolor sit amet, consectetur adipiscing elit, sed do eiusmod tempor incididunt ut labore et dolore magna aliqua. Ut enim ad minim veniam, quis nostrud exercitation ullamco laboris nisi ut aliquip ex ea commodo consequat.",
        "link": "https://en.wikipedia.org/wiki/Guinea Bissau"
    },
    {
        "name": "Jordan",
        "desc": "Jordan Is a country which has 9956011 population. Lorem ipsum dolor sit amet, consectetur adipiscing elit, sed do eiusmod tempor incididunt ut labore et dolore magna aliqua. Ut enim ad minim veniam, quis nostrud exercitation ullamco laboris nisi ut aliquip ex ea commodo consequat.",
        "link": "https://en.wikipedia.org/wiki/Jordan"
    },
    {
        "name": "Lithuania",
        "desc": "Lithuania Is a country which has 2801543 population. Lorem ipsum dolor sit amet, consectetur adipiscing elit, sed do eiusmod tempor incididunt ut labore et dolore magna aliqua. Ut enim ad minim veniam, quis nostrud exercitation ullamco laboris nisi ut aliquip ex ea commodo consequat.",
        "link": "https://en.wikipedia.org/wiki/Lithuania"
    },
    {
        "name": "Latvia",
        "desc": "Latvia Is a country which has 1927174 population. Lorem ipsum dolor sit amet, consectetur adipiscing elit, sed do eiusmod tempor incididunt ut labore et dolore magna aliqua. Ut enim ad minim veniam, quis nostrud exercitation ullamco laboris nisi ut aliquip ex ea commodo consequat.",
        "link": "https://en.wikipedia.org/wiki/Latvia"
    },
    {
        "name": "Kyrgyzstan",
        "desc": "Kyrgyzstan Is a country which has 6322800 population. Lorem ipsum dolor sit amet, consectetur adipiscing elit, sed do eiusmod tempor incididunt ut labore et dolore magna aliqua. Ut enim ad minim veniam, quis nostrud exercitation ullamco laboris nisi ut aliquip ex ea commodo consequat.",
        "link": "https://en.wikipedia.org/wiki/Kyrgyzstan"
    },
    {
        "name": "Lesotho",
        "desc": "Lesotho Is a country which has 2108132 population. Lorem ipsum dolor sit amet, consectetur adipiscing elit, sed do eiusmod tempor incididunt ut labore et dolore magna aliqua. Ut enim ad minim veniam, quis nostrud exercitation ullamco laboris nisi ut aliquip ex ea commodo consequat.",
        "link": "https://en.wikipedia.org/wiki/Lesotho"
    },
    {
        "name": "Madagascar",
        "desc": "Madagascar Is a country which has 26262368 population. Lorem ipsum dolor sit amet, consectetur adipiscing elit, sed do eiusmod tempor incididunt ut labore et dolore magna aliqua. Ut enim ad minim veniam, quis nostrud exercitation ullamco laboris nisi ut aliquip ex ea commodo consequat.",
        "link": "https://en.wikipedia.org/wiki/Madagascar"
    },
    {
        "name": "Ecuador",
        "desc": "Ecuador Is a country which has 17084357 population. Lorem ipsum dolor sit amet, consectetur adipiscing elit, sed do eiusmod tempor incididunt ut labore et dolore magna aliqua. Ut enim ad minim veniam, quis nostrud exercitation ullamco laboris nisi ut aliquip ex ea commodo consequat.",
        "link": "https://en.wikipedia.org/wiki/Ecuador"
    },
    {
        "name": "Costa Rica",
        "desc": "Costa Rica Is a country which has 4999441 population. Lorem ipsum dolor sit amet, consectetur adipiscing elit, sed do eiusmod tempor incididunt ut labore et dolore magna aliqua. Ut enim ad minim veniam, quis nostrud exercitation ullamco laboris nisi ut aliquip ex ea commodo consequat.",
        "link": "https://en.wikipedia.org/wiki/Costa Rica"
    },
    {
        "name": "El Salvador",
        "desc": "El Salvador Is a country which has 6420744 population. Lorem ipsum dolor sit amet, consectetur adipiscing elit, sed do eiusmod tempor incididunt ut labore et dolore magna aliqua. Ut enim ad minim veniam, quis nostrud exercitation ullamco laboris nisi ut aliquip ex ea commodo consequat.",
        "link": "https://en.wikipedia.org/wiki/El Salvador"
    },
    {
        "name": "Jamaica",
        "desc": "Jamaica Is a country which has 2934855 population. Lorem ipsum dolor sit amet, consectetur adipiscing elit, sed do eiusmod tempor incididunt ut labore et dolore magna aliqua. Ut enim ad minim veniam, quis nostrud exercitation ullamco laboris nisi ut aliquip ex ea commodo consequat.",
        "link": "https://en.wikipedia.org/wiki/Jamaica"
    },
    {
        "name": "Chad",
        "desc": "Chad Is a country which has 15477751 population. Lorem ipsum dolor sit amet, consectetur adipiscing elit, sed do eiusmod tempor incididunt ut labore et dolore magna aliqua. Ut enim ad minim veniam, quis nostrud exercitation ullamco laboris nisi ut aliquip ex ea commodo consequat.",
        "link": "https://en.wikipedia.org/wiki/Chad"
    },
    {
        "name": "Equatorial Guinea",
        "desc": "Equatorial Guinea Is a country which has 1308974 population. Lorem ipsum dolor sit amet, consectetur adipiscing elit, sed do eiusmod tempor incididunt ut labore et dolore magna aliqua. Ut enim ad minim veniam, quis nostrud exercitation ullamco laboris nisi ut aliquip ex ea commodo consequat.",
        "link": "https://en.wikipedia.org/wiki/Equatorial Guinea"
    },
    {
        "name": "Eritrea",
        "desc": "Eritrea Is a country which has 6213972 population. Lorem ipsum dolor sit amet, consectetur adipiscing elit, sed do eiusmod tempor incididunt ut labore et dolore magna aliqua. Ut enim ad minim veniam, quis nostrud exercitation ullamco laboris nisi ut aliquip ex ea commodo consequat.",
        "link": "https://en.wikipedia.org/wiki/Eritrea"
    },
    {
        "name": "Croatia",
        "desc": "Croatia Is a country which has 4087843 population. Lorem ipsum dolor sit amet, consectetur adipiscing elit, sed do eiusmod tempor incididunt ut labore et dolore magna aliqua. Ut enim ad minim veniam, quis nostrud exercitation ullamco laboris nisi ut aliquip ex ea commodo consequat.",
        "link": "https://en.wikipedia.org/wiki/Croatia"
    },
    {
        "name": "Estonia",
        "desc": "Estonia Is a country which has 1321977 population. Lorem ipsum dolor sit amet, consectetur adipiscing elit, sed do eiusmod tempor incididunt ut labore et dolore magna aliqua. Ut enim ad minim veniam, quis nostrud exercitation ullamco laboris nisi ut aliquip ex ea commodo consequat.",
        "link": "https://en.wikipedia.org/wiki/Estonia"
    },
    {
        "name": "Malawi",
        "desc": "Malawi Is a country which has 18143315 population. Lorem ipsum dolor sit amet, consectetur adipiscing elit, sed do eiusmod tempor incididunt ut labore et dolore magna aliqua. Ut enim ad minim veniam, quis nostrud exercitation ullamco laboris nisi ut aliquip ex ea commodo consequat.",
        "link": "https://en.wikipedia.org/wiki/Malawi"
    },
    {
        "name": "Guatemala",
        "desc": "Guatemala Is a country which has 17247807 population. Lorem ipsum dolor sit amet, consectetur adipiscing elit, sed do eiusmod tempor incididunt ut labore et dolore magna aliqua. Ut enim ad minim veniam, quis nostrud exercitation ullamco laboris nisi ut aliquip ex ea commodo consequat.",
        "link": "https://en.wikipedia.org/wiki/Guatemala"
    },
    {
        "name": "Gabon",
        "desc": "Gabon Is a country which has 2119275 population. Lorem ipsum dolor sit amet, consectetur adipiscing elit, sed do eiusmod tempor incididunt ut labore et dolore magna aliqua. Ut enim ad minim veniam, quis nostrud exercitation ullamco laboris nisi ut aliquip ex ea commodo consequat.",
        "link": "https://en.wikipedia.org/wiki/Gabon"
    },
    {
        "name": "Fiji",
        "desc": "Fiji Is a country which has  -  population. Lorem ipsum dolor sit amet, consectetur adipiscing elit, sed do eiusmod tempor incididunt ut labore et dolore magna aliqua. Ut enim ad minim veniam, quis nostrud exercitation ullamco laboris nisi ut aliquip ex ea commodo consequat.",
        "link": "https://en.wikipedia.org/wiki/Fiji"
    },
    {
        "name": "Chile",
        "desc": "Chile Is a country which has 18729160 population. Lorem ipsum dolor sit amet, consectetur adipiscing elit, sed do eiusmod tempor incididunt ut labore et dolore magna aliqua. Ut enim ad minim veniam, quis nostrud exercitation ullamco laboris nisi ut aliquip ex ea commodo consequat.",
        "link": "https://en.wikipedia.org/wiki/Chile"
    },
    {
        "name": "Mauritania",
        "desc": "Mauritania Is a country which has 4403319 population. Lorem ipsum dolor sit amet, consectetur adipiscing elit, sed do eiusmod tempor incididunt ut labore et dolore magna aliqua. Ut enim ad minim veniam, quis nostrud exercitation ullamco laboris nisi ut aliquip ex ea commodo consequat.",
        "link": "https://en.wikipedia.org/wiki/Mauritania"
    },
    {
        "name": "Mali",
        "desc": "Mali Is a country which has 19077690 population. Lorem ipsum dolor sit amet, consectetur adipiscing elit, sed do eiusmod tempor incididunt ut labore et dolore magna aliqua. Ut enim ad minim veniam, quis nostrud exercitation ullamco laboris nisi ut aliquip ex ea commodo consequat.",
        "link": "https://en.wikipedia.org/wiki/Mali"
    },
    {
        "name": "Lebanon",
        "desc": "Lebanon Is a country which has 6848925 population. Lorem ipsum dolor sit amet, consectetur adipiscing elit, sed do eiusmod tempor incididunt ut labore et dolore magna aliqua. Ut enim ad minim veniam, quis nostrud exercitation ullamco laboris nisi ut aliquip ex ea commodo consequat.",
        "link": "https://en.wikipedia.org/wiki/Lebanon"
    },
    {
        "name": "Georgia",
        "desc": "Georgia Is a country which has 3726549 population. Lorem ipsum dolor sit amet, consectetur adipiscing elit, sed do eiusmod tempor incididunt ut labore et dolore magna aliqua. Ut enim ad minim veniam, quis nostrud exercitation ullamco laboris nisi ut aliquip ex ea commodo consequat.",
        "link": "https://en.wikipedia.org/wiki/Georgia"
    },
    {
        "name": "Kazakhstan",
        "desc": "Kazakhstan Is a country which has 18272430 population. Lorem ipsum dolor sit amet, consectetur adipiscing elit, sed do eiusmod tempor incididunt ut labore et dolore magna aliqua. Ut enim ad minim veniam, quis nostrud exercitation ullamco laboris nisi ut aliquip ex ea commodo consequat.",
        "link": "https://en.wikipedia.org/wiki/Kazakhstan"
    },
    {
        "name": "Laos",
        "desc": "Laos Is a country which has 7061507 population. Lorem ipsum dolor sit amet, consectetur adipiscing elit, sed do eiusmod tempor incididunt ut labore et dolore magna aliqua. Ut enim ad minim veniam, quis nostrud exercitation ullamco laboris nisi ut aliquip ex ea commodo consequat.",
        "link": "https://en.wikipedia.org/wiki/Laos"
    },
    {
        "name": "Congo (Brazzaville)",
        "desc": "Congo (Brazzaville) Is a country which has  -  population. Lorem ipsum dolor sit amet, consectetur adipiscing elit, sed do eiusmod tempor incididunt ut labore et dolore magna aliqua. Ut enim ad minim veniam, quis nostrud exercitation ullamco laboris nisi ut aliquip ex ea commodo consequat.",
        "link": "https://en.wikipedia.org/wiki/Congo (Brazzaville)"
    },
    {
        "name": "Guinea",
        "desc": "Guinea Is a country which has 12414318 population. Lorem ipsum dolor sit amet, consectetur adipiscing elit, sed do eiusmod tempor incididunt ut labore et dolore magna aliqua. Ut enim ad minim veniam, quis nostrud exercitation ullamco laboris nisi ut aliquip ex ea commodo consequat.",
        "link": "https://en.wikipedia.org/wiki/Guinea"
    },
    {
        "name": "Ivory Coast",
        "desc": "Ivory Coast Is a country which has 25069229 population. Lorem ipsum dolor sit amet, consectetur adipiscing elit, sed do eiusmod tempor incididunt ut labore et dolore magna aliqua. Ut enim ad minim veniam, quis nostrud exercitation ullamco laboris nisi ut aliquip ex ea commodo consequat.",
        "link": "https://en.wikipedia.org/wiki/Ivory Coast"
    },
    {
        "name": "Canada",
        "desc": "Canada Is a country which has 37057765 population. Lorem ipsum dolor sit amet, consectetur adipiscing elit, sed do eiusmod tempor incididunt ut labore et dolore magna aliqua. Ut enim ad minim veniam, quis nostrud exercitation ullamco laboris nisi ut aliquip ex ea commodo consequat.",
        "link": "https://en.wikipedia.org/wiki/Canada"
    },
    {
        "name": "Republic of Serbia",
        "desc": "Republic of Serbia Is a country which has  -  population. Lorem ipsum dolor sit amet, consectetur adipiscing elit, sed do eiusmod tempor incididunt ut labore et dolore magna aliqua. Ut enim ad minim veniam, quis nostrud exercitation ullamco laboris nisi ut aliquip ex ea commodo consequat.",
        "link": "https://en.wikipedia.org/wiki/Republic of Serbia"
    },
    {
        "name": "Brunei",
        "desc": "Brunei Is a country which has 428962 population. Lorem ipsum dolor sit amet, consectetur adipiscing elit, sed do eiusmod tempor incididunt ut labore et dolore magna aliqua. Ut enim ad minim veniam, quis nostrud exercitation ullamco laboris nisi ut aliquip ex ea commodo consequat.",
        "link": "https://en.wikipedia.org/wiki/Brunei"
    },
    {
        "name": "Bolivia",
        "desc": "Bolivia Is a country which has 11353142 population. Lorem ipsum dolor sit amet, consectetur adipiscing elit, sed do eiusmod tempor incididunt ut labore et dolore magna aliqua. Ut enim ad minim veniam, quis nostrud exercitation ullamco laboris nisi ut aliquip ex ea commodo consequat.",
        "link": "https://en.wikipedia.org/wiki/Bolivia"
    },
    {
        "name": "Belize",
        "desc": "Belize Is a country which has 383071 population. Lorem ipsum dolor sit amet, consectetur adipiscing elit, sed do eiusmod tempor incididunt ut labore et dolore magna aliqua. Ut enim ad minim veniam, quis nostrud exercitation ullamco laboris nisi ut aliquip ex ea commodo consequat.",
        "link": "https://en.wikipedia.org/wiki/Belize"
    },
    {
        "name": "Central African Republic",
        "desc": "Central African Republic Is a country which has 4666377 population. Lorem ipsum dolor sit amet, consectetur adipiscing elit, sed do eiusmod tempor incididunt ut labore et dolore magna aliqua. Ut enim ad minim veniam, quis nostrud exercitation ullamco laboris nisi ut aliquip ex ea commodo consequat.",
        "link": "https://en.wikipedia.org/wiki/Central African Republic"
    },
    {
        "name": "Cameroon",
        "desc": "Cameroon Is a country which has 25216237 population. Lorem ipsum dolor sit amet, consectetur adipiscing elit, sed do eiusmod tempor incididunt ut labore et dolore magna aliqua. Ut enim ad minim veniam, quis nostrud exercitation ullamco laboris nisi ut aliquip ex ea commodo consequat.",
        "link": "https://en.wikipedia.org/wiki/Cameroon"
    },
    {
        "name": "Albania",
        "desc": "Albania Is a country which has 2866376 population. Lorem ipsum dolor sit amet, consectetur adipiscing elit, sed do eiusmod tempor incididunt ut labore et dolore magna aliqua. Ut enim ad minim veniam, quis nostrud exercitation ullamco laboris nisi ut aliquip ex ea commodo consequat.",
        "link": "https://en.wikipedia.org/wiki/Albania"
    },
    {
        "name": "Armenia",
        "desc": "Armenia Is a country which has 2951776 population. Lorem ipsum dolor sit amet, consectetur adipiscing elit, sed do eiusmod tempor incididunt ut labore et dolore magna aliqua. Ut enim ad minim veniam, quis nostrud exercitation ullamco laboris nisi ut aliquip ex ea commodo consequat.",
        "link": "https://en.wikipedia.org/wiki/Armenia"
    },
    {
        "name": "Azerbaijan",
        "desc": "Azerbaijan Is a country which has 9939800 population. Lorem ipsum dolor sit amet, consectetur adipiscing elit, sed do eiusmod tempor incididunt ut labore et dolore magna aliqua. Ut enim ad minim veniam, quis nostrud exercitation ullamco laboris nisi ut aliquip ex ea commodo consequat.",
        "link": "https://en.wikipedia.org/wiki/Azerbaijan"
    },
    {
        "name": "Cambodia",
        "desc": "Cambodia Is a country which has 16249798 population. Lorem ipsum dolor sit amet, consectetur adipiscing elit, sed do eiusmod tempor incididunt ut labore et dolore magna aliqua. Ut enim ad minim veniam, quis nostrud exercitation ullamco laboris nisi ut aliquip ex ea commodo consequat.",
        "link": "https://en.wikipedia.org/wiki/Cambodia"
    },
    {
        "name": "Bolivia",
        "desc": "Bolivia Is a country which has 11353142 population. Lorem ipsum dolor sit amet, consectetur adipiscing elit, sed do eiusmod tempor incididunt ut labore et dolore magna aliqua. Ut enim ad minim veniam, quis nostrud exercitation ullamco laboris nisi ut aliquip ex ea commodo consequat.",
        "link": "https://en.wikipedia.org/wiki/Bolivia"
    },
    {
        "name": "Benin",
        "desc": "Benin Is a country which has 11485048 population. Lorem ipsum dolor sit amet, consectetur adipiscing elit, sed do eiusmod tempor incididunt ut labore et dolore magna aliqua. Ut enim ad minim veniam, quis nostrud exercitation ullamco laboris nisi ut aliquip ex ea commodo consequat.",
        "link": "https://en.wikipedia.org/wiki/Benin"
    },
    {
        "name": "Bulgaria",
        "desc": "Bulgaria Is a country which has 7025037 population. Lorem ipsum dolor sit amet, consectetur adipiscing elit, sed do eiusmod tempor incididunt ut labore et dolore magna aliqua. Ut enim ad minim veniam, quis nostrud exercitation ullamco laboris nisi ut aliquip ex ea commodo consequat.",
        "link": "https://en.wikipedia.org/wiki/Bulgaria"
    },
    {
        "name": "Belarus",
        "desc": "Belarus Is a country which has 9483499 population. Lorem ipsum dolor sit amet, consectetur adipiscing elit, sed do eiusmod tempor incididunt ut labore et dolore magna aliqua. Ut enim ad minim veniam, quis nostrud exercitation ullamco laboris nisi ut aliquip ex ea commodo consequat.",
        "link": "https://en.wikipedia.org/wiki/Belarus"
    },
    {
        "name": "Bhutan",
        "desc": "Bhutan Is a country which has 754394 population. Lorem ipsum dolor sit amet, consectetur adipiscing elit, sed do eiusmod tempor incididunt ut labore et dolore magna aliqua. Ut enim ad minim veniam, quis nostrud exercitation ullamco laboris nisi ut aliquip ex ea commodo consequat.",
        "link": "https://en.wikipedia.org/wiki/Bhutan"
    },
    {
        "name": "Botswana",
        "desc": "Botswana Is a country which has 2254126 population. Lorem ipsum dolor sit amet, consectetur adipiscing elit, sed do eiusmod tempor incididunt ut labore et dolore magna aliqua. Ut enim ad minim veniam, quis nostrud exercitation ullamco laboris nisi ut aliquip ex ea commodo consequat.",
        "link": "https://en.wikipedia.org/wiki/Botswana"
    },
    {
        "name": "Australia",
        "desc": "Australia Is a country which has 24982688 population. Lorem ipsum dolor sit amet, consectetur adipiscing elit, sed do eiusmod tempor incididunt ut labore et dolore magna aliqua. Ut enim ad minim veniam, quis nostrud exercitation ullamco laboris nisi ut aliquip ex ea commodo consequat.",
        "link": "https://en.wikipedia.org/wiki/Australia"
    },
    {
        "name": "Burkina Faso",
        "desc": "Burkina Faso Is a country which has 19751535 population. Lorem ipsum dolor sit amet, consectetur adipiscing elit, sed do eiusmod tempor incididunt ut labore et dolore magna aliqua. Ut enim ad minim veniam, quis nostrud exercitation ullamco laboris nisi ut aliquip ex ea commodo consequat.",
        "link": "https://en.wikipedia.org/wiki/Burkina Faso"
    },
    {
        "name": "Bosnia and Herzegovina",
        "desc": "Bosnia and Herzegovina Is a country which has 3323929 population. Lorem ipsum dolor sit amet, consectetur adipiscing elit, sed do eiusmod tempor incididunt ut labore et dolore magna aliqua. Ut enim ad minim veniam, quis nostrud exercitation ullamco laboris nisi ut aliquip ex ea commodo consequat.",
        "link": "https://en.wikipedia.org/wiki/Bosnia and Herzegovina"
    },
    {
        "name": "Myanmar",
        "desc": "Myanmar Is a country which has 53708395 population. Lorem ipsum dolor sit amet, consectetur adipiscing elit, sed do eiusmod tempor incididunt ut labore et dolore magna aliqua. Ut enim ad minim veniam, quis nostrud exercitation ullamco laboris nisi ut aliquip ex ea commodo consequat.",
        "link": "https://en.wikipedia.org/wiki/Myanmar"
    },
    {
        "name": "Tonga",
        "desc": "Tonga Is a country which has 103197 population. Lorem ipsum dolor sit amet, consectetur adipiscing elit, sed do eiusmod tempor incididunt ut labore et dolore magna aliqua. Ut enim ad minim veniam, quis nostrud exercitation ullamco laboris nisi ut aliquip ex ea commodo consequat.",
        "link": "https://en.wikipedia.org/wiki/Tonga"
    },
    {
        "name": "Somaliland",
        "desc": "Somaliland Is a country which has  -  population. Lorem ipsum dolor sit amet, consectetur adipiscing elit, sed do eiusmod tempor incididunt ut labore et dolore magna aliqua. Ut enim ad minim veniam, quis nostrud exercitation ullamco laboris nisi ut aliquip ex ea commodo consequat.",
        "link": "https://en.wikipedia.org/wiki/Somaliland"
    },
    {
        "name": "Seychelles",
        "desc": "Seychelles Is a country which has 96762 population. Lorem ipsum dolor sit amet, consectetur adipiscing elit, sed do eiusmod tempor incididunt ut labore et dolore magna aliqua. Ut enim ad minim veniam, quis nostrud exercitation ullamco laboris nisi ut aliquip ex ea commodo consequat.",
        "link": "https://en.wikipedia.org/wiki/Seychelles"
    },
    {
        "name": "Sao Tome and Principe",
        "desc": "Sao Tome and Principe Is a country which has 211028 population. Lorem ipsum dolor sit amet, consectetur adipiscing elit, sed do eiusmod tempor incididunt ut labore et dolore magna aliqua. Ut enim ad minim veniam, quis nostrud exercitation ullamco laboris nisi ut aliquip ex ea commodo consequat.",
        "link": "https://en.wikipedia.org/wiki/Sao Tome and Principe"
    },
    {
        "name": "Samoa",
        "desc": "Samoa Is a country which has 196130 population. Lorem ipsum dolor sit amet, consectetur adipiscing elit, sed do eiusmod tempor incididunt ut labore et dolore magna aliqua. Ut enim ad minim veniam, quis nostrud exercitation ullamco laboris nisi ut aliquip ex ea commodo consequat.",
        "link": "https://en.wikipedia.org/wiki/Samoa"
    },
    {
        "name": "Malta",
        "desc": "Malta Is a country which has 484630 population. Lorem ipsum dolor sit amet, consectetur adipiscing elit, sed do eiusmod tempor incididunt ut labore et dolore magna aliqua. Ut enim ad minim veniam, quis nostrud exercitation ullamco laboris nisi ut aliquip ex ea commodo consequat.",
        "link": "https://en.wikipedia.org/wiki/Malta"
    },
    {
        "name": "Maldives",
        "desc": "Maldives Is a country which has 515696 population. Lorem ipsum dolor sit amet, consectetur adipiscing elit, sed do eiusmod tempor incididunt ut labore et dolore magna aliqua. Ut enim ad minim veniam, quis nostrud exercitation ullamco laboris nisi ut aliquip ex ea commodo consequat.",
        "link": "https://en.wikipedia.org/wiki/Maldives"
    },
    {
        "name": "Israel",
        "desc": "Israel Is a country which has 8882800 population. Lorem ipsum dolor sit amet, consectetur adipiscing elit, sed do eiusmod tempor incididunt ut labore et dolore magna aliqua. Ut enim ad minim veniam, quis nostrud exercitation ullamco laboris nisi ut aliquip ex ea commodo consequat.",
        "link": "https://en.wikipedia.org/wiki/Israel"
    },
    {
        "name": "Cape Verde",
        "desc": "Cape Verde Is a country which has 543767 population. Lorem ipsum dolor sit amet, consectetur adipiscing elit, sed do eiusmod tempor incididunt ut labore et dolore magna aliqua. Ut enim ad minim veniam, quis nostrud exercitation ullamco laboris nisi ut aliquip ex ea commodo consequat.",
        "link": "https://en.wikipedia.org/wiki/Cape Verde"
    },
    {
        "name": "Bahamas, The",
        "desc": "Bahamas, The Is a country which has  -  population. Lorem ipsum dolor sit amet, consectetur adipiscing elit, sed do eiusmod tempor incididunt ut labore et dolore magna aliqua. Ut enim ad minim veniam, quis nostrud exercitation ullamco laboris nisi ut aliquip ex ea commodo consequat.",
        "link": "https://en.wikipedia.org/wiki/Bahamas, The"
    },
    {
        "name": "Cyprus",
        "desc": "Cyprus Is a country which has 1189265 population. Lorem ipsum dolor sit amet, consectetur adipiscing elit, sed do eiusmod tempor incididunt ut labore et dolore magna aliqua. Ut enim ad minim veniam, quis nostrud exercitation ullamco laboris nisi ut aliquip ex ea commodo consequat.",
        "link": "https://en.wikipedia.org/wiki/Cyprus"
    },
    {
        "name": "New Zealand",
        "desc": "New Zealand Is a country which has 4841000 population. Lorem ipsum dolor sit amet, consectetur adipiscing elit, sed do eiusmod tempor incididunt ut labore et dolore magna aliqua. Ut enim ad minim veniam, quis nostrud exercitation ullamco laboris nisi ut aliquip ex ea commodo consequat.",
        "link": "https://en.wikipedia.org/wiki/New Zealand"
    },
    {
        "name": "Vietnam",
        "desc": "Vietnam Is a country which has 95540395 population. Lorem ipsum dolor sit amet, consectetur adipiscing elit, sed do eiusmod tempor incididunt ut labore et dolore magna aliqua. Ut enim ad minim veniam, quis nostrud exercitation ullamco laboris nisi ut aliquip ex ea commodo consequat.",
        "link": "https://en.wikipedia.org/wiki/Vietnam"
    },
    {
        "name": "Turkey",
        "desc": "Turkey Is a country which has 82319724 population. Lorem ipsum dolor sit amet, consectetur adipiscing elit, sed do eiusmod tempor incididunt ut labore et dolore magna aliqua. Ut enim ad minim veniam, quis nostrud exercitation ullamco laboris nisi ut aliquip ex ea commodo consequat.",
        "link": "https://en.wikipedia.org/wiki/Turkey"
    },
    {
        "name": "Hungary",
        "desc": "Hungary Is a country which has 9775564 population. Lorem ipsum dolor sit amet, consectetur adipiscing elit, sed do eiusmod tempor incididunt ut labore et dolore magna aliqua. Ut enim ad minim veniam, quis nostrud exercitation ullamco laboris nisi ut aliquip ex ea commodo consequat.",
        "link": "https://en.wikipedia.org/wiki/Hungary"
    },
    {
        "name": "Yemen",
        "desc": "Yemen Is a country which has 28498687 population. Lorem ipsum dolor sit amet, consectetur adipiscing elit, sed do eiusmod tempor incididunt ut labore et dolore magna aliqua. Ut enim ad minim veniam, quis nostrud exercitation ullamco laboris nisi ut aliquip ex ea commodo consequat.",
        "link": "https://en.wikipedia.org/wiki/Yemen"
    },
    {
        "name": "Romania",
        "desc": "Romania Is a country which has 19466145 population. Lorem ipsum dolor sit amet, consectetur adipiscing elit, sed do eiusmod tempor incididunt ut labore et dolore magna aliqua. Ut enim ad minim veniam, quis nostrud exercitation ullamco laboris nisi ut aliquip ex ea commodo consequat.",
        "link": "https://en.wikipedia.org/wiki/Romania"
    },
    {
        "name": "Syria",
        "desc": "Syria Is a country which has 16906283 population. Lorem ipsum dolor sit amet, consectetur adipiscing elit, sed do eiusmod tempor incididunt ut labore et dolore magna aliqua. Ut enim ad minim veniam, quis nostrud exercitation ullamco laboris nisi ut aliquip ex ea commodo consequat.",
        "link": "https://en.wikipedia.org/wiki/Syria"
    },
    {
        "name": "Portugal",
        "desc": "Portugal Is a country which has 10283822 population. Lorem ipsum dolor sit amet, consectetur adipiscing elit, sed do eiusmod tempor incididunt ut labore et dolore magna aliqua. Ut enim ad minim veniam, quis nostrud exercitation ullamco laboris nisi ut aliquip ex ea commodo consequat.",
        "link": "https://en.wikipedia.org/wiki/Portugal"
    },
    {
        "name": "Sudan",
        "desc": "Sudan Is a country which has 41801533 population. Lorem ipsum dolor sit amet, consectetur adipiscing elit, sed do eiusmod tempor incididunt ut labore et dolore magna aliqua. Ut enim ad minim veniam, quis nostrud exercitation ullamco laboris nisi ut aliquip ex ea commodo consequat.",
        "link": "https://en.wikipedia.org/wiki/Sudan"
    },
    {
        "name": "Kingdom of Norway",
        "desc": "Kingdom of Norway Is a country which has  -  population. Lorem ipsum dolor sit amet, consectetur adipiscing elit, sed do eiusmod tempor incididunt ut labore et dolore magna aliqua. Ut enim ad minim veniam, quis nostrud exercitation ullamco laboris nisi ut aliquip ex ea commodo consequat.",
        "link": "https://en.wikipedia.org/wiki/Kingdom of Norway"
    },
    {
        "name": "Poland",
        "desc": "Poland Is a country which has 37974750 population. Lorem ipsum dolor sit amet, consectetur adipiscing elit, sed do eiusmod tempor incididunt ut labore et dolore magna aliqua. Ut enim ad minim veniam, quis nostrud exercitation ullamco laboris nisi ut aliquip ex ea commodo consequat.",
        "link": "https://en.wikipedia.org/wiki/Poland"
    },
    {
        "name": "Korea, North",
        "desc": "Korea, North Is a country which has  -  population. Lorem ipsum dolor sit amet, consectetur adipiscing elit, sed do eiusmod tempor incididunt ut labore et dolore magna aliqua. Ut enim ad minim veniam, quis nostrud exercitation ullamco laboris nisi ut aliquip ex ea commodo consequat.",
        "link": "https://en.wikipedia.org/wiki/Korea, North"
    },
    {
        "name": "United Republic of Tanzania",
        "desc": "United Republic of Tanzania Is a country which has  -  population. Lorem ipsum dolor sit amet, consectetur adipiscing elit, sed do eiusmod tempor incididunt ut labore et dolore magna aliqua. Ut enim ad minim veniam, quis nostrud exercitation ullamco laboris nisi ut aliquip ex ea commodo consequat.",
        "link": "https://en.wikipedia.org/wiki/United Republic of Tanzania"
    },
    {
        "name": "Ireland",
        "desc": "Ireland Is a country which has 4867309 population. Lorem ipsum dolor sit amet, consectetur adipiscing elit, sed do eiusmod tempor incididunt ut labore et dolore magna aliqua. Ut enim ad minim veniam, quis nostrud exercitation ullamco laboris nisi ut aliquip ex ea commodo consequat.",
        "link": "https://en.wikipedia.org/wiki/Ireland"
    },
    {
        "name": "Liberia",
        "desc": "Liberia Is a country which has 4818977 population. Lorem ipsum dolor sit amet, consectetur adipiscing elit, sed do eiusmod tempor incididunt ut labore et dolore magna aliqua. Ut enim ad minim veniam, quis nostrud exercitation ullamco laboris nisi ut aliquip ex ea commodo consequat.",
        "link": "https://en.wikipedia.org/wiki/Liberia"
    },
    {
        "name": "Malaysia",
        "desc": "Malaysia Is a country which has 31528585 population. Lorem ipsum dolor sit amet, consectetur adipiscing elit, sed do eiusmod tempor incididunt ut labore et dolore magna aliqua. Ut enim ad minim veniam, quis nostrud exercitation ullamco laboris nisi ut aliquip ex ea commodo consequat.",
        "link": "https://en.wikipedia.org/wiki/Malaysia"
    },
    {
        "name": "Cuba",
        "desc": "Cuba Is a country which has 11338138 population. Lorem ipsum dolor sit amet, consectetur adipiscing elit, sed do eiusmod tempor incididunt ut labore et dolore magna aliqua. Ut enim ad minim veniam, quis nostrud exercitation ullamco laboris nisi ut aliquip ex ea commodo consequat.",
        "link": "https://en.wikipedia.org/wiki/Cuba"
    },
    {
        "name": "Czech Republic",
        "desc": "Czech Republic Is a country which has 10629928 population. Lorem ipsum dolor sit amet, consectetur adipiscing elit, sed do eiusmod tempor incididunt ut labore et dolore magna aliqua. Ut enim ad minim veniam, quis nostrud exercitation ullamco laboris nisi ut aliquip ex ea commodo consequat.",
        "link": "https://en.wikipedia.org/wiki/Czech Republic"
    },
    {
        "name": "Kuwait",
        "desc": "Kuwait Is a country which has 4137309 population. Lorem ipsum dolor sit amet, consectetur adipiscing elit, sed do eiusmod tempor incididunt ut labore et dolore magna aliqua. Ut enim ad minim veniam, quis nostrud exercitation ullamco laboris nisi ut aliquip ex ea commodo consequat.",
        "link": "https://en.wikipedia.org/wiki/Kuwait"
    },
    {
        "name": "Dominican Republic",
        "desc": "Dominican Republic Is a country which has 10627165 population. Lorem ipsum dolor sit amet, consectetur adipiscing elit, sed do eiusmod tempor incididunt ut labore et dolore magna aliqua. Ut enim ad minim veniam, quis nostrud exercitation ullamco laboris nisi ut aliquip ex ea commodo consequat.",
        "link": "https://en.wikipedia.org/wiki/Dominican Republic"
    },
    {
        "name": "Ghana",
        "desc": "Ghana Is a country which has 29767108 population. Lorem ipsum dolor sit amet, consectetur adipiscing elit, sed do eiusmod tempor incididunt ut labore et dolore magna aliqua. Ut enim ad minim veniam, quis nostrud exercitation ullamco laboris nisi ut aliquip ex ea commodo consequat.",
        "link": "https://en.wikipedia.org/wiki/Ghana"
    },
    {
        "name": "Libya",
        "desc": "Libya Is a country which has  -  population. Lorem ipsum dolor sit amet, consectetur adipiscing elit, sed do eiusmod tempor incididunt ut labore et dolore magna aliqua. Ut enim ad minim veniam, quis nostrud exercitation ullamco laboris nisi ut aliquip ex ea commodo consequat.",
        "link": "https://en.wikipedia.org/wiki/Libya"
    },
    {
        "name": "Israel",
        "desc": "Israel Is a country which has 8882800 population. Lorem ipsum dolor sit amet, consectetur adipiscing elit, sed do eiusmod tempor incididunt ut labore et dolore magna aliqua. Ut enim ad minim veniam, quis nostrud exercitation ullamco laboris nisi ut aliquip ex ea commodo consequat.",
        "link": "https://en.wikipedia.org/wiki/Israel"
    },
    {
        "name": "Finland",
        "desc": "Finland Is a country which has 5515525 population. Lorem ipsum dolor sit amet, consectetur adipiscing elit, sed do eiusmod tempor incididunt ut labore et dolore magna aliqua. Ut enim ad minim veniam, quis nostrud exercitation ullamco laboris nisi ut aliquip ex ea commodo consequat.",
        "link": "https://en.wikipedia.org/wiki/Finland"
    },
    {
        "name": "Denmark",
        "desc": "Denmark Is a country which has 5793636 population. Lorem ipsum dolor sit amet, consectetur adipiscing elit, sed do eiusmod tempor incididunt ut labore et dolore magna aliqua. Ut enim ad minim veniam, quis nostrud exercitation ullamco laboris nisi ut aliquip ex ea commodo consequat.",
        "link": "https://en.wikipedia.org/wiki/Denmark"
    },
    {
        "name": "Ivory Coast",
        "desc": "Ivory Coast Is a country which has 25069229 population. Lorem ipsum dolor sit amet, consectetur adipiscing elit, sed do eiusmod tempor incididunt ut labore et dolore magna aliqua. Ut enim ad minim veniam, quis nostrud exercitation ullamco laboris nisi ut aliquip ex ea commodo consequat.",
        "link": "https://en.wikipedia.org/wiki/Ivory Coast"
    },
    {
        "name": "Brazil",
        "desc": "Brazil Is a country which has 209469333 population. Lorem ipsum dolor sit amet, consectetur adipiscing elit, sed do eiusmod tempor incididunt ut labore et dolore magna aliqua. Ut enim ad minim veniam, quis nostrud exercitation ullamco laboris nisi ut aliquip ex ea commodo consequat.",
        "link": "https://en.wikipedia.org/wiki/Brazil"
    },
    {
        "name": "Belgium",
        "desc": "Belgium Is a country which has 11433256 population. Lorem ipsum dolor sit amet, consectetur adipiscing elit, sed do eiusmod tempor incididunt ut labore et dolore magna aliqua. Ut enim ad minim veniam, quis nostrud exercitation ullamco laboris nisi ut aliquip ex ea commodo consequat.",
        "link": "https://en.wikipedia.org/wiki/Belgium"
    },
    {
        "name": "Bangladesh",
        "desc": "Bangladesh Is a country which has 161356039 population. Lorem ipsum dolor sit amet, consectetur adipiscing elit, sed do eiusmod tempor incididunt ut labore et dolore magna aliqua. Ut enim ad minim veniam, quis nostrud exercitation ullamco laboris nisi ut aliquip ex ea commodo consequat.",
        "link": "https://en.wikipedia.org/wiki/Bangladesh"
    },
    {
        "name": "Angola",
        "desc": "Angola Is a country which has 30809762 population. Lorem ipsum dolor sit amet, consectetur adipiscing elit, sed do eiusmod tempor incididunt ut labore et dolore magna aliqua. Ut enim ad minim veniam, quis nostrud exercitation ullamco laboris nisi ut aliquip ex ea commodo consequat.",
        "link": "https://en.wikipedia.org/wiki/Angola"
    },
    {
        "name": "Algeria",
        "desc": "Algeria Is a country which has 42228429 population. Lorem ipsum dolor sit amet, consectetur adipiscing elit, sed do eiusmod tempor incididunt ut labore et dolore magna aliqua. Ut enim ad minim veniam, quis nostrud exercitation ullamco laboris nisi ut aliquip ex ea commodo consequat.",
        "link": "https://en.wikipedia.org/wiki/Algeria"
    },
    {
        "name": "Myanmar",
        "desc": "Myanmar Is a country which has 53708395 population. Lorem ipsum dolor sit amet, consectetur adipiscing elit, sed do eiusmod tempor incididunt ut labore et dolore magna aliqua. Ut enim ad minim veniam, quis nostrud exercitation ullamco laboris nisi ut aliquip ex ea commodo consequat.",
        "link": "https://en.wikipedia.org/wiki/Myanmar"
    },
    {
        "name": "United States",
        "desc": "United States Is a country which has 326687501 population. Lorem ipsum dolor sit amet, consectetur adipiscing elit, sed do eiusmod tempor incididunt ut labore et dolore magna aliqua. Ut enim ad minim veniam, quis nostrud exercitation ullamco laboris nisi ut aliquip ex ea commodo consequat.",
        "link": "https://en.wikipedia.org/wiki/United States"
    },
    {
        "name": "United States",
        "desc": "United States Is a country which has 326687501 population. Lorem ipsum dolor sit amet, consectetur adipiscing elit, sed do eiusmod tempor incididunt ut labore et dolore magna aliqua. Ut enim ad minim veniam, quis nostrud exercitation ullamco laboris nisi ut aliquip ex ea commodo consequat.",
        "link": "https://en.wikipedia.org/wiki/United States"
    },
    {
        "name": "United States",
        "desc": "United States Is a country which has 326687501 population. Lorem ipsum dolor sit amet, consectetur adipiscing elit, sed do eiusmod tempor incididunt ut labore et dolore magna aliqua. Ut enim ad minim veniam, quis nostrud exercitation ullamco laboris nisi ut aliquip ex ea commodo consequat.",
        "link": "https://en.wikipedia.org/wiki/United States"
    },
    {
        "name": "United States",
        "desc": "United States Is a country which has 326687501 population. Lorem ipsum dolor sit amet, consectetur adipiscing elit, sed do eiusmod tempor incididunt ut labore et dolore magna aliqua. Ut enim ad minim veniam, quis nostrud exercitation ullamco laboris nisi ut aliquip ex ea commodo consequat.",
        "link": "https://en.wikipedia.org/wiki/United States"
    },
    {
        "name": "United States",
        "desc": "United States Is a country which has 326687501 population. Lorem ipsum dolor sit amet, consectetur adipiscing elit, sed do eiusmod tempor incididunt ut labore et dolore magna aliqua. Ut enim ad minim veniam, quis nostrud exercitation ullamco laboris nisi ut aliquip ex ea commodo consequat.",
        "link": "https://en.wikipedia.org/wiki/United States"
    },
    {
        "name": "United States",
        "desc": "United States Is a country which has 326687501 population. Lorem ipsum dolor sit amet, consectetur adipiscing elit, sed do eiusmod tempor incididunt ut labore et dolore magna aliqua. Ut enim ad minim veniam, quis nostrud exercitation ullamco laboris nisi ut aliquip ex ea commodo consequat.",
        "link": "https://en.wikipedia.org/wiki/United States"
    },
    {
        "name": "Venezuela",
        "desc": "Venezuela Is a country which has 28870195 population. Lorem ipsum dolor sit amet, consectetur adipiscing elit, sed do eiusmod tempor incididunt ut labore et dolore magna aliqua. Ut enim ad minim veniam, quis nostrud exercitation ullamco laboris nisi ut aliquip ex ea commodo consequat.",
        "link": "https://en.wikipedia.org/wiki/Venezuela"
    },
    {
        "name": "Ukraine",
        "desc": "Ukraine Is a country which has 44622516 population. Lorem ipsum dolor sit amet, consectetur adipiscing elit, sed do eiusmod tempor incididunt ut labore et dolore magna aliqua. Ut enim ad minim veniam, quis nostrud exercitation ullamco laboris nisi ut aliquip ex ea commodo consequat.",
        "link": "https://en.wikipedia.org/wiki/Ukraine"
    },
    {
        "name": "United Arab Emirates",
        "desc": "United Arab Emirates Is a country which has 9630959 population. Lorem ipsum dolor sit amet, consectetur adipiscing elit, sed do eiusmod tempor incididunt ut labore et dolore magna aliqua. Ut enim ad minim veniam, quis nostrud exercitation ullamco laboris nisi ut aliquip ex ea commodo consequat.",
        "link": "https://en.wikipedia.org/wiki/United Arab Emirates"
    },
    {
        "name": "Uzbekistan",
        "desc": "Uzbekistan Is a country which has 32955400 population. Lorem ipsum dolor sit amet, consectetur adipiscing elit, sed do eiusmod tempor incididunt ut labore et dolore magna aliqua. Ut enim ad minim veniam, quis nostrud exercitation ullamco laboris nisi ut aliquip ex ea commodo consequat.",
        "link": "https://en.wikipedia.org/wiki/Uzbekistan"
    },
    {
        "name": "Kingdom of Spain",
        "desc": "Kingdom of Spain Is a country which has  -  population. Lorem ipsum dolor sit amet, consectetur adipiscing elit, sed do eiusmod tempor incididunt ut labore et dolore magna aliqua. Ut enim ad minim veniam, quis nostrud exercitation ullamco laboris nisi ut aliquip ex ea commodo consequat.",
        "link": "https://en.wikipedia.org/wiki/Kingdom of Spain"
    },
    {
        "name": "Switzerland",
        "desc": "Switzerland Is a country which has 8513227 population. Lorem ipsum dolor sit amet, consectetur adipiscing elit, sed do eiusmod tempor incididunt ut labore et dolore magna aliqua. Ut enim ad minim veniam, quis nostrud exercitation ullamco laboris nisi ut aliquip ex ea commodo consequat.",
        "link": "https://en.wikipedia.org/wiki/Switzerland"
    },
    {
        "name": "Sweden",
        "desc": "Sweden Is a country which has 10175214 population. Lorem ipsum dolor sit amet, consectetur adipiscing elit, sed do eiusmod tempor incididunt ut labore et dolore magna aliqua. Ut enim ad minim veniam, quis nostrud exercitation ullamco laboris nisi ut aliquip ex ea commodo consequat.",
        "link": "https://en.wikipedia.org/wiki/Sweden"
    },
    {
        "name": "Thailand",
        "desc": "Thailand Is a country which has 69428524 population. Lorem ipsum dolor sit amet, consectetur adipiscing elit, sed do eiusmod tempor incididunt ut labore et dolore magna aliqua. Ut enim ad minim veniam, quis nostrud exercitation ullamco laboris nisi ut aliquip ex ea commodo consequat.",
        "link": "https://en.wikipedia.org/wiki/Thailand"
    },
    {
        "name": "Peru",
        "desc": "Peru Is a country which has 31989256 population. Lorem ipsum dolor sit amet, consectetur adipiscing elit, sed do eiusmod tempor incididunt ut labore et dolore magna aliqua. Ut enim ad minim veniam, quis nostrud exercitation ullamco laboris nisi ut aliquip ex ea commodo consequat.",
        "link": "https://en.wikipedia.org/wiki/Peru"
    },
    {
        "name": "Senegal",
        "desc": "Senegal Is a country which has 15854360 population. Lorem ipsum dolor sit amet, consectetur adipiscing elit, sed do eiusmod tempor incididunt ut labore et dolore magna aliqua. Ut enim ad minim veniam, quis nostrud exercitation ullamco laboris nisi ut aliquip ex ea commodo consequat.",
        "link": "https://en.wikipedia.org/wiki/Senegal"
    },
    {
        "name": "South Africa",
        "desc": "South Africa Is a country which has 57779622 population. Lorem ipsum dolor sit amet, consectetur adipiscing elit, sed do eiusmod tempor incididunt ut labore et dolore magna aliqua. Ut enim ad minim veniam, quis nostrud exercitation ullamco laboris nisi ut aliquip ex ea commodo consequat.",
        "link": "https://en.wikipedia.org/wiki/South Africa"
    },
    {
        "name": "Kingdom of the Netherlands",
        "desc": "Kingdom of the Netherlands Is a country which has  -  population. Lorem ipsum dolor sit amet, consectetur adipiscing elit, sed do eiusmod tempor incididunt ut labore et dolore magna aliqua. Ut enim ad minim veniam, quis nostrud exercitation ullamco laboris nisi ut aliquip ex ea commodo consequat.",
        "link": "https://en.wikipedia.org/wiki/Kingdom of the Netherlands"
    },
    {
        "name": "Morocco",
        "desc": "Morocco Is a country which has 36029138 population. Lorem ipsum dolor sit amet, consectetur adipiscing elit, sed do eiusmod tempor incididunt ut labore et dolore magna aliqua. Ut enim ad minim veniam, quis nostrud exercitation ullamco laboris nisi ut aliquip ex ea commodo consequat.",
        "link": "https://en.wikipedia.org/wiki/Morocco"
    },
    {
        "name": "Korea, South",
        "desc": "Korea, South Is a country which has  -  population. Lorem ipsum dolor sit amet, consectetur adipiscing elit, sed do eiusmod tempor incididunt ut labore et dolore magna aliqua. Ut enim ad minim veniam, quis nostrud exercitation ullamco laboris nisi ut aliquip ex ea commodo consequat.",
        "link": "https://en.wikipedia.org/wiki/Korea, South"
    },
    {
        "name": "Philippines",
        "desc": "Philippines Is a country which has 106651922 population. Lorem ipsum dolor sit amet, consectetur adipiscing elit, sed do eiusmod tempor incididunt ut labore et dolore magna aliqua. Ut enim ad minim veniam, quis nostrud exercitation ullamco laboris nisi ut aliquip ex ea commodo consequat.",
        "link": "https://en.wikipedia.org/wiki/Philippines"
    },
    {
        "name": "Mexico",
        "desc": "Mexico Is a country which has 126190788 population. Lorem ipsum dolor sit amet, consectetur adipiscing elit, sed do eiusmod tempor incididunt ut labore et dolore magna aliqua. Ut enim ad minim veniam, quis nostrud exercitation ullamco laboris nisi ut aliquip ex ea commodo consequat.",
        "link": "https://en.wikipedia.org/wiki/Mexico"
    },
    {
        "name": "Germany",
        "desc": "Germany Is a country which has 82905782 population. Lorem ipsum dolor sit amet, consectetur adipiscing elit, sed do eiusmod tempor incididunt ut labore et dolore magna aliqua. Ut enim ad minim veniam, quis nostrud exercitation ullamco laboris nisi ut aliquip ex ea commodo consequat.",
        "link": "https://en.wikipedia.org/wiki/Germany"
    },
    {
        "name": "China",
        "desc": "China Is a country which has 1392730000 population. Lorem ipsum dolor sit amet, consectetur adipiscing elit, sed do eiusmod tempor incididunt ut labore et dolore magna aliqua. Ut enim ad minim veniam, quis nostrud exercitation ullamco laboris nisi ut aliquip ex ea commodo consequat.",
        "link": "https://en.wikipedia.org/wiki/China"
    },
    {
        "name": "China",
        "desc": "China Is a country which has 1392730000 population. Lorem ipsum dolor sit amet, consectetur adipiscing elit, sed do eiusmod tempor incididunt ut labore et dolore magna aliqua. Ut enim ad minim veniam, quis nostrud exercitation ullamco laboris nisi ut aliquip ex ea commodo consequat.",
        "link": "https://en.wikipedia.org/wiki/China"
    },
    {
        "name": "Japan",
        "desc": "Japan Is a country which has 126529100 population. Lorem ipsum dolor sit amet, consectetur adipiscing elit, sed do eiusmod tempor incididunt ut labore et dolore magna aliqua. Ut enim ad minim veniam, quis nostrud exercitation ullamco laboris nisi ut aliquip ex ea commodo consequat.",
        "link": "https://en.wikipedia.org/wiki/Japan"
    },
    {
        "name": "Congo (Kinshasa)",
        "desc": "Congo (Kinshasa) Is a country which has  -  population. Lorem ipsum dolor sit amet, consectetur adipiscing elit, sed do eiusmod tempor incididunt ut labore et dolore magna aliqua. Ut enim ad minim veniam, quis nostrud exercitation ullamco laboris nisi ut aliquip ex ea commodo consequat.",
        "link": "https://en.wikipedia.org/wiki/Congo (Kinshasa)"
    },
    {
        "name": "India",
        "desc": "India Is a country which has 1352617328 population. Lorem ipsum dolor sit amet, consectetur adipiscing elit, sed do eiusmod tempor incididunt ut labore et dolore magna aliqua. Ut enim ad minim veniam, quis nostrud exercitation ullamco laboris nisi ut aliquip ex ea commodo consequat.",
        "link": "https://en.wikipedia.org/wiki/India"
    },
    {
        "name": "India",
        "desc": "India Is a country which has 1352617328 population. Lorem ipsum dolor sit amet, consectetur adipiscing elit, sed do eiusmod tempor incididunt ut labore et dolore magna aliqua. Ut enim ad minim veniam, quis nostrud exercitation ullamco laboris nisi ut aliquip ex ea commodo consequat.",
        "link": "https://en.wikipedia.org/wiki/India"
    },
    {
        "name": "Greece",
        "desc": "Greece Is a country which has 10731726 population. Lorem ipsum dolor sit amet, consectetur adipiscing elit, sed do eiusmod tempor incididunt ut labore et dolore magna aliqua. Ut enim ad minim veniam, quis nostrud exercitation ullamco laboris nisi ut aliquip ex ea commodo consequat.",
        "link": "https://en.wikipedia.org/wiki/Greece"
    },
    {
        "name": "Iraq",
        "desc": "Iraq Is a country which has 38433600 population. Lorem ipsum dolor sit amet, consectetur adipiscing elit, sed do eiusmod tempor incididunt ut labore et dolore magna aliqua. Ut enim ad minim veniam, quis nostrud exercitation ullamco laboris nisi ut aliquip ex ea commodo consequat.",
        "link": "https://en.wikipedia.org/wiki/Iraq"
    },
    {
        "name": "Ethiopia",
        "desc": "Ethiopia Is a country which has 109224559 population. Lorem ipsum dolor sit amet, consectetur adipiscing elit, sed do eiusmod tempor incididunt ut labore et dolore magna aliqua. Ut enim ad minim veniam, quis nostrud exercitation ullamco laboris nisi ut aliquip ex ea commodo consequat.",
        "link": "https://en.wikipedia.org/wiki/Ethiopia"
    },
    {
        "name": "Iran",
        "desc": "Iran Is a country which has 81800269 population. Lorem ipsum dolor sit amet, consectetur adipiscing elit, sed do eiusmod tempor incididunt ut labore et dolore magna aliqua. Ut enim ad minim veniam, quis nostrud exercitation ullamco laboris nisi ut aliquip ex ea commodo consequat.",
        "link": "https://en.wikipedia.org/wiki/Iran"
    },
    {
        "name": "Canada",
        "desc": "Canada Is a country which has 37057765 population. Lorem ipsum dolor sit amet, consectetur adipiscing elit, sed do eiusmod tempor incididunt ut labore et dolore magna aliqua. Ut enim ad minim veniam, quis nostrud exercitation ullamco laboris nisi ut aliquip ex ea commodo consequat.",
        "link": "https://en.wikipedia.org/wiki/Canada"
    },
    {
        "name": "Canada",
        "desc": "Canada Is a country which has 37057765 population. Lorem ipsum dolor sit amet, consectetur adipiscing elit, sed do eiusmod tempor incididunt ut labore et dolore magna aliqua. Ut enim ad minim veniam, quis nostrud exercitation ullamco laboris nisi ut aliquip ex ea commodo consequat.",
        "link": "https://en.wikipedia.org/wiki/Canada"
    },
    {
        "name": "Argentina",
        "desc": "Argentina Is a country which has 44494502 population. Lorem ipsum dolor sit amet, consectetur adipiscing elit, sed do eiusmod tempor incididunt ut labore et dolore magna aliqua. Ut enim ad minim veniam, quis nostrud exercitation ullamco laboris nisi ut aliquip ex ea commodo consequat.",
        "link": "https://en.wikipedia.org/wiki/Argentina"
    },
    {
        "name": "Afghanistan",
        "desc": "Afghanistan Is a country which has 37172386 population. Lorem ipsum dolor sit amet, consectetur adipiscing elit, sed do eiusmod tempor incididunt ut labore et dolore magna aliqua. Ut enim ad minim veniam, quis nostrud exercitation ullamco laboris nisi ut aliquip ex ea commodo consequat.",
        "link": "https://en.wikipedia.org/wiki/Afghanistan"
    },
    {
        "name": "Austria",
        "desc": "Austria Is a country which has 8840521 population. Lorem ipsum dolor sit amet, consectetur adipiscing elit, sed do eiusmod tempor incididunt ut labore et dolore magna aliqua. Ut enim ad minim veniam, quis nostrud exercitation ullamco laboris nisi ut aliquip ex ea commodo consequat.",
        "link": "https://en.wikipedia.org/wiki/Austria"
    },
    {
        "name": "Australia",
        "desc": "Australia Is a country which has 24982688 population. Lorem ipsum dolor sit amet, consectetur adipiscing elit, sed do eiusmod tempor incididunt ut labore et dolore magna aliqua. Ut enim ad minim veniam, quis nostrud exercitation ullamco laboris nisi ut aliquip ex ea commodo consequat.",
        "link": "https://en.wikipedia.org/wiki/Australia"
    },
    {
        "name": "Taiwan",
        "desc": "Taiwan Is a country which has  -  population. Lorem ipsum dolor sit amet, consectetur adipiscing elit, sed do eiusmod tempor incididunt ut labore et dolore magna aliqua. Ut enim ad minim veniam, quis nostrud exercitation ullamco laboris nisi ut aliquip ex ea commodo consequat.",
        "link": "https://en.wikipedia.org/wiki/Taiwan"
    },
    {
        "name": "New Zealand",
        "desc": "New Zealand Is a country which has 4841000 population. Lorem ipsum dolor sit amet, consectetur adipiscing elit, sed do eiusmod tempor incididunt ut labore et dolore magna aliqua. Ut enim ad minim veniam, quis nostrud exercitation ullamco laboris nisi ut aliquip ex ea commodo consequat.",
        "link": "https://en.wikipedia.org/wiki/New Zealand"
    },
    {
        "name": "United States",
        "desc": "United States Is a country which has 326687501 population. Lorem ipsum dolor sit amet, consectetur adipiscing elit, sed do eiusmod tempor incididunt ut labore et dolore magna aliqua. Ut enim ad minim veniam, quis nostrud exercitation ullamco laboris nisi ut aliquip ex ea commodo consequat.",
        "link": "https://en.wikipedia.org/wiki/United States"
    },
    {
        "name": "United States",
        "desc": "United States Is a country which has 326687501 population. Lorem ipsum dolor sit amet, consectetur adipiscing elit, sed do eiusmod tempor incididunt ut labore et dolore magna aliqua. Ut enim ad minim veniam, quis nostrud exercitation ullamco laboris nisi ut aliquip ex ea commodo consequat.",
        "link": "https://en.wikipedia.org/wiki/United States"
    },
    {
        "name": "United States",
        "desc": "United States Is a country which has 326687501 population. Lorem ipsum dolor sit amet, consectetur adipiscing elit, sed do eiusmod tempor incididunt ut labore et dolore magna aliqua. Ut enim ad minim veniam, quis nostrud exercitation ullamco laboris nisi ut aliquip ex ea commodo consequat.",
        "link": "https://en.wikipedia.org/wiki/United States"
    },
    {
        "name": "United Kingdom",
        "desc": "United Kingdom Is a country which has 66460344 population. Lorem ipsum dolor sit amet, consectetur adipiscing elit, sed do eiusmod tempor incididunt ut labore et dolore magna aliqua. Ut enim ad minim veniam, quis nostrud exercitation ullamco laboris nisi ut aliquip ex ea commodo consequat.",
        "link": "https://en.wikipedia.org/wiki/United Kingdom"
    },
    {
        "name": "Turkey",
        "desc": "Turkey Is a country which has 82319724 population. Lorem ipsum dolor sit amet, consectetur adipiscing elit, sed do eiusmod tempor incididunt ut labore et dolore magna aliqua. Ut enim ad minim veniam, quis nostrud exercitation ullamco laboris nisi ut aliquip ex ea commodo consequat.",
        "link": "https://en.wikipedia.org/wiki/Turkey"
    },
    {
        "name": "Saudi Arabia",
        "desc": "Saudi Arabia Is a country which has 33699947 population. Lorem ipsum dolor sit amet, consectetur adipiscing elit, sed do eiusmod tempor incididunt ut labore et dolore magna aliqua. Ut enim ad minim veniam, quis nostrud exercitation ullamco laboris nisi ut aliquip ex ea commodo consequat.",
        "link": "https://en.wikipedia.org/wiki/Saudi Arabia"
    },
    {
        "name": "South Africa",
        "desc": "South Africa Is a country which has 57779622 population. Lorem ipsum dolor sit amet, consectetur adipiscing elit, sed do eiusmod tempor incididunt ut labore et dolore magna aliqua. Ut enim ad minim veniam, quis nostrud exercitation ullamco laboris nisi ut aliquip ex ea commodo consequat.",
        "link": "https://en.wikipedia.org/wiki/South Africa"
    },
    {
        "name": "Russia",
        "desc": "Russia Is a country which has  -  population. Lorem ipsum dolor sit amet, consectetur adipiscing elit, sed do eiusmod tempor incididunt ut labore et dolore magna aliqua. Ut enim ad minim veniam, quis nostrud exercitation ullamco laboris nisi ut aliquip ex ea commodo consequat.",
        "link": "https://en.wikipedia.org/wiki/Russia"
    },
    {
        "name": "Mexico",
        "desc": "Mexico Is a country which has 126190788 population. Lorem ipsum dolor sit amet, consectetur adipiscing elit, sed do eiusmod tempor incididunt ut labore et dolore magna aliqua. Ut enim ad minim veniam, quis nostrud exercitation ullamco laboris nisi ut aliquip ex ea commodo consequat.",
        "link": "https://en.wikipedia.org/wiki/Mexico"
    },
    {
        "name": "Nigeria",
        "desc": "Nigeria Is a country which has 195874740 population. Lorem ipsum dolor sit amet, consectetur adipiscing elit, sed do eiusmod tempor incididunt ut labore et dolore magna aliqua. Ut enim ad minim veniam, quis nostrud exercitation ullamco laboris nisi ut aliquip ex ea commodo consequat.",
        "link": "https://en.wikipedia.org/wiki/Nigeria"
    },
    {
        "name": "Italy",
        "desc": "Italy Is a country which has 60421760 population. Lorem ipsum dolor sit amet, consectetur adipiscing elit, sed do eiusmod tempor incididunt ut labore et dolore magna aliqua. Ut enim ad minim veniam, quis nostrud exercitation ullamco laboris nisi ut aliquip ex ea commodo consequat.",
        "link": "https://en.wikipedia.org/wiki/Italy"
    },
    {
        "name": "China",
        "desc": "China Is a country which has 1392730000 population. Lorem ipsum dolor sit amet, consectetur adipiscing elit, sed do eiusmod tempor incididunt ut labore et dolore magna aliqua. Ut enim ad minim veniam, quis nostrud exercitation ullamco laboris nisi ut aliquip ex ea commodo consequat.",
        "link": "https://en.wikipedia.org/wiki/China"
    },
    {
        "name": "Kenya",
        "desc": "Kenya Is a country which has 51393010 population. Lorem ipsum dolor sit amet, consectetur adipiscing elit, sed do eiusmod tempor incididunt ut labore et dolore magna aliqua. Ut enim ad minim veniam, quis nostrud exercitation ullamco laboris nisi ut aliquip ex ea commodo consequat.",
        "link": "https://en.wikipedia.org/wiki/Kenya"
    },
    {
        "name": "Indonesia",
        "desc": "Indonesia Is a country which has 267663435 population. Lorem ipsum dolor sit amet, consectetur adipiscing elit, sed do eiusmod tempor incididunt ut labore et dolore magna aliqua. Ut enim ad minim veniam, quis nostrud exercitation ullamco laboris nisi ut aliquip ex ea commodo consequat.",
        "link": "https://en.wikipedia.org/wiki/Indonesia"
    },
    {
        "name": "Colombia",
        "desc": "Colombia Is a country which has 49648685 population. Lorem ipsum dolor sit amet, consectetur adipiscing elit, sed do eiusmod tempor incididunt ut labore et dolore magna aliqua. Ut enim ad minim veniam, quis nostrud exercitation ullamco laboris nisi ut aliquip ex ea commodo consequat.",
        "link": "https://en.wikipedia.org/wiki/Colombia"
    },
    {
        "name": "Egypt",
        "desc": "Egypt Is a country which has 98423595 population. Lorem ipsum dolor sit amet, consectetur adipiscing elit, sed do eiusmod tempor incididunt ut labore et dolore magna aliqua. Ut enim ad minim veniam, quis nostrud exercitation ullamco laboris nisi ut aliquip ex ea commodo consequat.",
        "link": "https://en.wikipedia.org/wiki/Egypt"
    },
    {
        "name": "China",
        "desc": "China Is a country which has 1392730000 population. Lorem ipsum dolor sit amet, consectetur adipiscing elit, sed do eiusmod tempor incididunt ut labore et dolore magna aliqua. Ut enim ad minim veniam, quis nostrud exercitation ullamco laboris nisi ut aliquip ex ea commodo consequat.",
        "link": "https://en.wikipedia.org/wiki/China"
    },
    {
        "name": "Japan",
        "desc": "Japan Is a country which has 126529100 population. Lorem ipsum dolor sit amet, consectetur adipiscing elit, sed do eiusmod tempor incididunt ut labore et dolore magna aliqua. Ut enim ad minim veniam, quis nostrud exercitation ullamco laboris nisi ut aliquip ex ea commodo consequat.",
        "link": "https://en.wikipedia.org/wiki/Japan"
    },
    {
        "name": "India",
        "desc": "India Is a country which has 1352617328 population. Lorem ipsum dolor sit amet, consectetur adipiscing elit, sed do eiusmod tempor incididunt ut labore et dolore magna aliqua. Ut enim ad minim veniam, quis nostrud exercitation ullamco laboris nisi ut aliquip ex ea commodo consequat.",
        "link": "https://en.wikipedia.org/wiki/India"
    },
    {
        "name": "French Republic",
        "desc": "French Republic Is a country which has  -  population. Lorem ipsum dolor sit amet, consectetur adipiscing elit, sed do eiusmod tempor incididunt ut labore et dolore magna aliqua. Ut enim ad minim veniam, quis nostrud exercitation ullamco laboris nisi ut aliquip ex ea commodo consequat.",
        "link": "https://en.wikipedia.org/wiki/French Republic"
    },
    {
        "name": "Chile",
        "desc": "Chile Is a country which has 18729160 population. Lorem ipsum dolor sit amet, consectetur adipiscing elit, sed do eiusmod tempor incididunt ut labore et dolore magna aliqua. Ut enim ad minim veniam, quis nostrud exercitation ullamco laboris nisi ut aliquip ex ea commodo consequat.",
        "link": "https://en.wikipedia.org/wiki/Chile"
    },
    {
        "name": "India",
        "desc": "India Is a country which has 1352617328 population. Lorem ipsum dolor sit amet, consectetur adipiscing elit, sed do eiusmod tempor incididunt ut labore et dolore magna aliqua. Ut enim ad minim veniam, quis nostrud exercitation ullamco laboris nisi ut aliquip ex ea commodo consequat.",
        "link": "https://en.wikipedia.org/wiki/India"
    },
    {
        "name": "Brazil",
        "desc": "Brazil Is a country which has 209469333 population. Lorem ipsum dolor sit amet, consectetur adipiscing elit, sed do eiusmod tempor incididunt ut labore et dolore magna aliqua. Ut enim ad minim veniam, quis nostrud exercitation ullamco laboris nisi ut aliquip ex ea commodo consequat.",
        "link": "https://en.wikipedia.org/wiki/Brazil"
    },
    {
        "name": "Brazil",
        "desc": "Brazil Is a country which has 209469333 population. Lorem ipsum dolor sit amet, consectetur adipiscing elit, sed do eiusmod tempor incididunt ut labore et dolore magna aliqua. Ut enim ad minim veniam, quis nostrud exercitation ullamco laboris nisi ut aliquip ex ea commodo consequat.",
        "link": "https://en.wikipedia.org/wiki/Brazil"
    },
    {
        "name": "Australia",
        "desc": "Australia Is a country which has 24982688 population. Lorem ipsum dolor sit amet, consectetur adipiscing elit, sed do eiusmod tempor incididunt ut labore et dolore magna aliqua. Ut enim ad minim veniam, quis nostrud exercitation ullamco laboris nisi ut aliquip ex ea commodo consequat.",
        "link": "https://en.wikipedia.org/wiki/Australia"
    },
    {
        "name": "Singapore",
        "desc": "Singapore Is a country which has 5638676 population. Lorem ipsum dolor sit amet, consectetur adipiscing elit, sed do eiusmod tempor incididunt ut labore et dolore magna aliqua. Ut enim ad minim veniam, quis nostrud exercitation ullamco laboris nisi ut aliquip ex ea commodo consequat.",
        "link": "https://en.wikipedia.org/wiki/Singapore"
    },
    {
        "name": "China",
        "desc": "China Is a country which has 1392730000 population. Lorem ipsum dolor sit amet, consectetur adipiscing elit, sed do eiusmod tempor incididunt ut labore et dolore magna aliqua. Ut enim ad minim veniam, quis nostrud exercitation ullamco laboris nisi ut aliquip ex ea commodo consequat.",
        "link": "https://en.wikipedia.org/wiki/China"
    }
]